potato_id,image,bbox_json,area,grade,signal_bits,lane,total_defects,defect_counts_json,defects_json
2025110513292601,/tmp/potato_inspection_system/data/test/project-3-at-2025-11-04-13-44-8dae778d_new/images/test/0142ce97-Pic_2025_10_21_154621_149.jpeg,"[2109, 615, 748, 436]",321103.0,OK_S7,00000010,7,3,"{""black_spots"": 2, ""red_spots"": 1}","[{""class"": ""black_spots"", ""confidence"": 0.6314294934272766, ""obb"": {""xyxyxyxy"": [[2634.322265625, 847.84423828125], [2635.6279296875, 780.2078857421875], [2574.0078125, 779.018310546875], [2572.7021484375, 846.6546630859375]], ""xywhr"": [2604.1650390625, 813.4312744140625, 61.63140869140625, 67.64891052246094, 0.019302373751997948], ""area"": 4122.0}}, {""class"": ""red_spots"", ""confidence"": 0.6259198784828186, ""obb"": {""xyxyxyxy"": [[2518.894775390625, 1012.0366821289062], [2523.310791015625, 874.9100952148438], [2370.313720703125, 869.9830932617188], [2365.897705078125, 1007.1096801757812]], ""xywhr"": [2444.604248046875, 941.0098876953125, 153.0764923095703, 137.19766235351562, 0.03219196945428848], ""area"": 21139.0}}, {""class"": ""black_spots"", ""confidence"": 0.6231809854507446, ""obb"": {""xyxyxyxy"": [[2412.402587890625, 767.1058959960938], [2415.089599609375, 714.1172485351562], [2360.194580078125, 711.3338012695312], [2357.507568359375, 764.3224487304688]], ""xywhr"": [2386.298583984375, 739.2198486328125, 54.9653205871582, 53.05674362182617, 0.050662562251091], ""area"": 2924.0}}]"
2025110513292602,/tmp/potato_inspection_system/data/test/project-3-at-2025-11-04-13-44-8dae778d_new/images/test/0142ce97-Pic_2025_10_21_154621_149.jpeg,"[2827, 1142, 727, 458]",328927.5,OK_S7,00000010,7,2,"{""red_spots"": 2}","[{""class"": ""red_spots"", ""confidence"": 0.4559246003627777, ""obb"": {""xyxyxyxy"": [[3233.40625, 1538.8670654296875], [3239.01708984375, 1339.1278076171875], [3022.0361328125, 1333.0325927734375], [3016.42529296875, 1532.7718505859375]], ""xywhr"": [3127.72119140625, 1435.9498291015625, 217.06643676757812, 199.8179931640625, 0.0280834399163723], ""area"": 43219.0}}, {""class"": ""red_spots"", ""confidence"": 0.27845823764801025, ""obb"": {""xyxyxyxy"": [[3520.459228515625, 1390.854736328125], [3526.434326171875, 1214.529541015625], [3369.867431640625, 1209.223876953125], [3363.892333984375, 1385.549072265625]], ""xywhr"": [3445.163330078125, 1300.039306640625, 156.65655517578125, 176.426513671875, 0.033874161541461945], ""area"": 27662.0}}]"
2025110513292603,/tmp/potato_inspection_system/data/test/project-3-at-2025-11-04-13-44-8dae778d_new/images/test/0142ce97-Pic_2025_10_21_154621_149.jpeg,"[174, 89, 629, 432]",267098.5,OK_S7,00000010,7,3,"{""scabs"": 1, ""black_spots"": 2}","[{""class"": ""scabs"", ""confidence"": 0.8514020442962646, ""obb"": {""xyxyxyxy"": [[776.0867919921875, 351.8701477050781], [777.918701171875, 212.99032592773438], [661.0416259765625, 211.44869995117188], [659.209716796875, 350.3285217285156]], ""xywhr"": [718.564208984375, 281.659423828125, 116.88720703125, 138.8918914794922, 0.013189482502639294], ""area"": 16195.0}}, {""class"": ""black_spots"", ""confidence"": 0.5544339418411255, ""obb"": {""xyxyxyxy"": [[480.28009033203125, 367.085205078125], [483.38702392578125, 298.64215087890625], [417.92486572265625, 295.6705322265625], [414.81793212890625, 364.11358642578125]], ""xywhr"": [449.10247802734375, 331.37786865234375, 65.52958679199219, 68.51355743408203, 0.045363664627075195], ""area"": 4563.0}}, {""class"": ""black_spots"", ""confidence"": 0.42552855610847473, ""obb"": {""xyxyxyxy"": [[482.80364990234375, 267.6509704589844], [488.41064453125, 167.45822143554688], [390.47015380859375, 161.97726440429688], [384.8631591796875, 262.1700134277344]], ""xywhr"": [436.63690185546875, 214.81411743164062, 98.09375, 100.34951782226562, 0.05590369552373886], ""area"": 9882.0}}]"
2025110513292604,/tmp/potato_inspection_system/data/test/project-3-at-2025-11-04-13-44-8dae778d_new/images/test/0142ce97-Pic_2025_10_21_154621_149.jpeg,"[791, 2304, 789, 467]",362519.5,NG,00000001,8,7,"{""red_spots"": 4, ""black_spots"": 2, ""scabs"": 1}","[{""class"": ""red_spots"", ""confidence"": 0.6012681722640991, ""obb"": {""xyxyxyxy"": [[1123.914306640625, 2524.810546875], [1397.51611328125, 2520.54248046875], [1394.766845703125, 2344.306640625], [1121.1650390625, 2348.57470703125]], ""xywhr"": [1259.340576171875, 2434.55859375, 176.2572784423828, 273.63507080078125, 1.555198073387146], ""area"": 48146.0}}, {""class"": ""black_spots"", ""confidence"": 0.5797157883644104, ""obb"": {""xyxyxyxy"": [[1324.176513671875, 2704.580078125], [1325.596435546875, 2613.64208984375], [1226.383544921875, 2612.0927734375], [1224.963623046875, 2703.03076171875]], ""xywhr"": [1275.280029296875, 2658.33642578125, 99.22505950927734, 90.9488754272461, 0.015613853931427002], ""area"": 9056.0}}, {""class"": ""black_spots"", ""confidence"": 0.5340877771377563, ""obb"": {""xyxyxyxy"": [[1426.627197265625, 2651.034423828125], [1427.36376953125, 2579.583740234375], [1358.080078125, 2578.869384765625], [1357.343505859375, 2650.320068359375]], ""xywhr"": [1392.3536376953125, 2614.951904296875, 69.28743743896484, 71.454345703125, 0.01030690222978592], ""area"": 4969.0}}, {""class"": ""red_spots"", ""confidence"": 0.34139761328697205, ""obb"": {""xyxyxyxy"": [[1170.5394287109375, 2614.339111328125], [1173.4610595703125, 2473.633056640625], [1034.6014404296875, 2470.749755859375], [1031.6798095703125, 2611.455810546875]], ""xywhr"": [1102.5704345703125, 2542.54443359375, 138.88943481445312, 140.73635864257812, 0.020760422572493553], ""area"": 19608.0}}, {""class"": ""scabs"", ""confidence"": 0.32859304547309875, ""obb"": {""xyxyxyxy"": [[1052.0185546875, 2697.81298828125], [1056.73583984375, 2582.3603515625], [933.8577270507812, 2577.33984375], [929.1405639648438, 2692.79248046875]], ""xywhr"": [992.9381713867188, 2637.576416015625, 122.9805679321289, 115.54888916015625, 0.04083540663123131], ""area"": 14165.0}}, {""class"": ""red_spots"", ""confidence"": 0.29811593890190125, ""obb"": {""xyxyxyxy"": [[1171.7818603515625, 2592.536865234375], [1175.9156494140625, 2435.474853515625], [1000.0839233398438, 2430.846923828125], [995.9500122070312, 2587.908935546875]], ""xywhr"": [1085.932861328125, 2511.69189453125, 175.8927001953125, 157.11631774902344, 0.026314174756407738], ""area"": 27576.0}}, {""class"": ""red_spots"", ""confidence"": 0.26199615001678467, ""obb"": {""xyxyxyxy"": [[1075.096435546875, 2539.9931640625], [1079.4130859375, 2413.6474609375], [910.4149169921875, 2407.87353515625], [906.098388671875, 2534.21923828125]], ""xywhr"": [992.7557373046875, 2473.933349609375, 169.0967559814453, 126.41935729980469, 0.034151576459407806], ""area"": 21400.5}}]"
2025110513292605,/tmp/potato_inspection_system/data/test/project-3-at-2025-11-04-13-44-8dae778d_new/images/test/0142ce97-Pic_2025_10_21_154621_149.jpeg,"[513, 1790, 754, 443]",330506.5,OK_S7,00000010,7,2,"{""red_spots"": 1, ""scabs"": 1}","[{""class"": ""red_spots"", ""confidence"": 0.6577702164649963, ""obb"": {""xyxyxyxy"": [[1037.0401611328125, 2032.0167236328125], [1040.2530517578125, 1842.4862060546875], [795.70068359375, 1838.3406982421875], [792.48779296875, 2027.8712158203125]], ""xywhr"": [916.3704223632812, 1935.1787109375, 244.5874481201172, 189.55764770507812, 0.01695018820464611], ""area"": 46441.0}}, {""class"": ""scabs"", ""confidence"": 0.3122164309024811, ""obb"": {""xyxyxyxy"": [[781.571044921875, 2181.17333984375], [915.6612548828125, 2180.2041015625], [914.85107421875, 2068.1142578125], [780.7608642578125, 2069.08349609375]], ""xywhr"": [848.2110595703125, 2124.643798828125, 112.0927505493164, 134.09365844726562, 1.5635688304901123], ""area"": 15009.0}}]"
2025110513292606,/tmp/potato_inspection_system/data/test/project-3-at-2025-11-04-13-44-8dae778d_new/images/test/0142ce97-Pic_2025_10_21_154621_149.jpeg,"[2207, 2316, 659, 387]",253330.0,NG,00000001,8,4,"{""scabs"": 3, ""red_spots"": 1}","[{""class"": ""scabs"", ""confidence"": 0.9086450338363647, ""obb"": {""xyxyxyxy"": [[2469.693359375, 2513.927734375], [2478.34765625, 2323.4580078125], [2234.13037109375, 2312.36181640625], [2225.47607421875, 2502.83154296875]], ""xywhr"": [2351.911865234375, 2413.144775390625, 244.4691619873047, 190.66616821289062, 0.04540429636836052], ""area"": 46459.0}}, {""class"": ""scabs"", ""confidence"": 0.8220322132110596, ""obb"": {""xyxyxyxy"": [[2857.61962890625, 2668.97119140625], [2860.19677734375, 2359.888671875], [2712.25390625, 2358.6552734375], [2709.6767578125, 2667.73779296875]], ""xywhr"": [2784.936767578125, 2513.813232421875, 147.9480743408203, 309.093505859375, 0.008337837643921375], ""area"": 45735.0}}, {""class"": ""red_spots"", ""confidence"": 0.7081770896911621, ""obb"": {""xyxyxyxy"": [[2338.211669921875, 2589.694091796875], [2342.349365234375, 2494.453369140625], [2255.012451171875, 2490.658935546875], [2250.874755859375, 2585.899658203125]], ""xywhr"": [2296.612060546875, 2540.176513671875, 87.41920471191406, 95.33039855957031, 0.043416038155555725], ""area"": 8330.5}}, {""class"": ""scabs"", ""confidence"": 0.42776980996131897, ""obb"": {""xyxyxyxy"": [[2636.98046875, 2667.117431640625], [2662.30419921875, 2441.938720703125], [2342.93505859375, 2406.022216796875], [2317.611328125, 2631.200927734375]], ""xywhr"": [2489.957763671875, 2536.56982421875, 321.38232421875, 226.5982666015625, 0.11199071258306503], ""area"": 72952.5}}]"
2025110513292607,/tmp/potato_inspection_system/data/test/project-3-at-2025-11-04-13-44-8dae778d_new/images/test/0142ce97-Pic_2025_10_21_154621_149.jpeg,"[2091, 2815, 613, 173]",103872.0,OK_S3,00100000,3,1,"{""red_spots"": 1}","[{""class"": ""red_spots"", ""confidence"": 0.2533690929412842, ""obb"": {""xyxyxyxy"": [[2631.60302734375, 2998.234130859375], [2631.888671875, 2837.900146484375], [2236.6806640625, 2837.196533203125], [2236.39501953125, 2997.530517578125]], ""xywhr"": [2434.141845703125, 2917.71533203125, 395.20855712890625, 160.33444213867188, 0.0017800331115722656], ""area"": 63397.5}}]"
2025110513292608,/tmp/potato_inspection_system/data/test/project-3-at-2025-11-04-13-44-8dae778d_new/images/test/0142ce97-Pic_2025_10_21_154621_149.jpeg,"[2773, 2813, 619, 191]",116708.0,OK_S3,00100000,3,0,{},[]
2025110513292609,/tmp/potato_inspection_system/data/test/project-3-at-2025-11-04-13-44-8dae778d_new/images/test/1cd36156-Pic_2025_10_21_155111_242.jpeg,"[661, 561, 802, 523]",414288.5,OK_S7,00000010,7,4,"{""scabs"": 1, ""red_spots"": 3}","[{""class"": ""scabs"", ""confidence"": 0.897396445274353, ""obb"": {""xyxyxyxy"": [[1485.477294921875, 1014.5988159179688], [1487.075439453125, 822.2240600585938], [1345.73876953125, 821.0498657226562], [1344.140625, 1013.4246215820312]], ""xywhr"": [1415.6080322265625, 917.8243408203125, 141.34153747558594, 192.38143920898438, 0.008307876996695995], ""area"": 27169.5}}, {""class"": ""red_spots"", ""confidence"": 0.7911548018455505, ""obb"": {""xyxyxyxy"": [[989.4999389648438, 813.9443359375], [993.8668823242188, 641.5706787109375], [801.9890747070312, 636.7095947265625], [797.6221313476562, 809.083251953125]], ""xywhr"": [895.7445068359375, 725.3269653320312, 191.93931579589844, 172.42897033691406, 0.025328846648335457], ""area"": 33138.0}}, {""class"": ""red_spots"", ""confidence"": 0.5799181461334229, ""obb"": {""xyxyxyxy"": [[1036.1351318359375, 1023.151123046875], [1038.6124267578125, 893.058837890625], [836.7389526367188, 889.2147216796875], [834.2616577148438, 1019.3070068359375]], ""xywhr"": [936.43701171875, 956.1829223632812, 201.9100341796875, 130.1158905029297, 0.019040031358599663], ""area"": 26268.0}}, {""class"": ""red_spots"", ""confidence"": 0.4042833149433136, ""obb"": {""xyxyxyxy"": [[1302.9500732421875, 863.5556640625], [1307.5335693359375, 783.19482421875], [1221.7313232421875, 778.301025390625], [1217.1478271484375, 858.661865234375]], ""xywhr"": [1262.3406982421875, 820.9283447265625, 85.9417953491211, 80.49146270751953, 0.05697459727525711], ""area"": 6862.5}}]"
2025110513292610,/tmp/potato_inspection_system/data/test/project-3-at-2025-11-04-13-44-8dae778d_new/images/test/1ddcb126-Pic_2025_10_21_153846_17.jpeg,"[841, 1488, 694, 403]",276404.0,OK_S7,00000010,7,2,"{""red_spots"": 2}","[{""class"": ""red_spots"", ""confidence"": 0.6056393980979919, ""obb"": {""xyxyxyxy"": [[1383.121337890625, 1849.231201171875], [1390.28466796875, 1576.255859375], [1059.86865234375, 1567.585205078125], [1052.705322265625, 1840.560546875]], ""xywhr"": [1221.4949951171875, 1708.408203125, 330.52972412109375, 273.0693359375, 0.02623552829027176], ""area"": 90426.0}}, {""class"": ""red_spots"", ""confidence"": 0.31604623794555664, ""obb"": {""xyxyxyxy"": [[1104.9478759765625, 1824.20361328125], [1108.5150146484375, 1697.5390625], [1012.1661376953125, 1694.82568359375], [1008.598876953125, 1821.490234375]], ""xywhr"": [1058.5570068359375, 1759.5146484375, 96.3871841430664, 126.71464538574219, 0.02815525233745575], ""area"": 12204.0}}]"
2025110513292611,/tmp/potato_inspection_system/data/test/project-3-at-2025-11-04-13-44-8dae778d_new/images/test/20a6beec-Pic_2025_10_21_154336_70.jpeg,"[2958, 285, 619, 477]",292768.0,NG,00000001,8,3,"{""red_spots"": 1, ""pits"": 1, ""scabs"": 1}","[{""class"": ""red_spots"", ""confidence"": 0.6759292483329773, ""obb"": {""xyxyxyxy"": [[3265.053466796875, 589.6098022460938], [3267.045166015625, 365.3799133300781], [3088.999755859375, 363.7985534667969], [3087.008056640625, 588.0284423828125]], ""xywhr"": [3177.026611328125, 476.70416259765625, 178.05218505859375, 224.2387237548828, 0.008881527930498123], ""area"": 40075.5}}, {""class"": ""pits"", ""confidence"": 0.33963093161582947, ""obb"": {""xyxyxyxy"": [[3170.46435546875, 692.031494140625], [3171.02880859375, 597.033935546875], [3079.72119140625, 596.4912109375], [3079.15673828125, 691.48876953125]], ""xywhr"": [3125.0927734375, 644.2613525390625, 91.30921936035156, 94.99918365478516, 0.005944175645709038], ""area"": 8693.0}}, {""class"": ""scabs"", ""confidence"": 0.3011852502822876, ""obb"": {""xyxyxyxy"": [[3568.331298828125, 608.235595703125], [3572.086181640625, 460.9145812988281], [3369.172607421875, 455.7427062988281], [3365.417724609375, 603.063720703125]], ""xywhr"": [3468.751953125, 531.9891357421875, 202.9793701171875, 147.3688507080078, 0.025482770055532455], ""area"": 30064.0}}]"
2025110513292612,/tmp/potato_inspection_system/data/test/project-3-at-2025-11-04-13-44-8dae778d_new/images/test/20a6beec-Pic_2025_10_21_154336_70.jpeg,"[223, 1997, 582, 453]",261516.0,OK_S7,00000010,7,4,"{""scabs"": 1, ""red_spots"": 2, ""black_spots"": 1}","[{""class"": ""scabs"", ""confidence"": 0.9388858675956726, ""obb"": {""xyxyxyxy"": [[457.5585021972656, 2374.394287109375], [464.1905212402344, 2222.738525390625], [307.5048522949219, 2215.886474609375], [300.8728332519531, 2367.542236328125]], ""xywhr"": [382.53167724609375, 2295.140380859375, 156.83544921875, 151.80062866210938, 0.04370300471782684], ""area"": 23913.0}}, {""class"": ""red_spots"", ""confidence"": 0.49766290187835693, ""obb"": {""xyxyxyxy"": [[513.5916748046875, 2197.230712890625], [522.4552001953125, 2094.119384765625], [417.2773132324219, 2085.078369140625], [408.4137268066406, 2188.189697265625]], ""xywhr"": [465.4344787597656, 2141.154541015625, 105.56581115722656, 103.49171447753906, 0.08575031161308289], ""area"": 10896.0}}, {""class"": ""red_spots"", ""confidence"": 0.4390725791454315, ""obb"": {""xyxyxyxy"": [[629.8825073242188, 2322.015625], [655.3195190429688, 2161.68408203125], [530.3063354492188, 2141.8505859375], [504.8693542480469, 2302.18212890625]], ""xywhr"": [580.0944213867188, 2231.93310546875, 126.5767822265625, 162.33663940429688, 0.15734116733074188], ""area"": 20645.0}}, {""class"": ""black_spots"", ""confidence"": 0.31758981943130493, ""obb"": {""xyxyxyxy"": [[653.49609375, 2149.88037109375], [657.741943359375, 2099.36474609375], [605.7987060546875, 2094.9990234375], [601.5528564453125, 2145.5146484375]], ""xywhr"": [629.6473999023438, 2122.439697265625, 52.12641143798828, 50.69388961791992, 0.08385352790355682], ""area"": 2644.0}}]"
2025110513292613,/tmp/potato_inspection_system/data/test/project-3-at-2025-11-04-13-44-8dae778d_new/images/test/20a6beec-Pic_2025_10_21_154336_70.jpeg,"[1071, 2031, 512, 430]",212240.0,OK_S6,00000100,6,4,"{""red_spots"": 2, ""black_spots"": 2}","[{""class"": ""red_spots"", ""confidence"": 0.6383847594261169, ""obb"": {""xyxyxyxy"": [[1379.0440673828125, 2417.46728515625], [1381.2059326171875, 2300.72021484375], [1200.1976318359375, 2297.3681640625], [1198.0357666015625, 2414.115234375]], ""xywhr"": [1289.620849609375, 2357.417724609375, 181.03921508789062, 116.7668685913086, 0.018516002222895622], ""area"": 21183.0}}, {""class"": ""black_spots"", ""confidence"": 0.5759807825088501, ""obb"": {""xyxyxyxy"": [[1474.2353515625, 2148.7607421875], [1476.951171875, 2099.47412109375], [1432.830810546875, 2097.04296875], [1430.114990234375, 2146.32958984375]], ""xywhr"": [1453.5330810546875, 2122.90185546875, 44.18735885620117, 49.3614616394043, 0.05504775792360306], ""area"": 2160.0}}, {""class"": ""red_spots"", ""confidence"": 0.3482874631881714, ""obb"": {""xyxyxyxy"": [[1279.7994384765625, 2252.011962890625], [1289.2330322265625, 2131.122802734375], [1178.0826416015625, 2122.448974609375], [1168.6490478515625, 2243.338134765625]], ""xywhr"": [1228.9410400390625, 2187.23046875, 111.48820495605469, 121.25651550292969, 0.07787714898586273], ""area"": 13521.0}}, {""class"": ""black_spots"", ""confidence"": 0.29881158471107483, ""obb"": {""xyxyxyxy"": [[1544.375732421875, 2263.268798828125], [1546.238525390625, 2211.713623046875], [1503.33154296875, 2210.163330078125], [1501.46875, 2261.718505859375]], ""xywhr"": [1523.8536376953125, 2236.716064453125, 42.93495178222656, 51.588829040527344, 0.03611446171998978], ""area"": 2217.5}}]"
2025110513292614,/tmp/potato_inspection_system/data/test/project-3-at-2025-11-04-13-44-8dae778d_new/images/test/20a6beec-Pic_2025_10_21_154336_70.jpeg,"[938, 2559, 620, 429]",264409.0,OK_S7,00000010,7,1,"{""red_spots"": 1}","[{""class"": ""red_spots"", ""confidence"": 0.7307191491127014, ""obb"": {""xyxyxyxy"": [[1243.8447265625, 2798.365966796875], [1244.7890625, 2639.122802734375], [1121.216552734375, 2638.389892578125], [1120.272216796875, 2797.633056640625]], ""xywhr"": [1182.5306396484375, 2718.3779296875, 123.5746078491211, 159.24591064453125, 0.005929663777351379], ""area"": 19558.0}}]"
2025110513292615,/tmp/potato_inspection_system/data/test/project-3-at-2025-11-04-13-44-8dae778d_new/images/test/20a6beec-Pic_2025_10_21_154336_70.jpeg,"[825, 841, 587, 500]",288887.0,NG,00000001,8,2,"{""scabs"": 2}","[{""class"": ""scabs"", ""confidence"": 0.7234789729118347, ""obb"": {""xyxyxyxy"": [[1168.470703125, 1345.269287109375], [1187.42578125, 1018.55078125], [841.2959594726562, 998.469482421875], [822.3408813476562, 1325.18798828125]], ""xywhr"": [1004.88330078125, 1171.869384765625, 346.7118225097656, 327.267822265625, 0.05795149877667427], ""area"": 113522.0}}, {""class"": ""scabs"", ""confidence"": 0.7166741490364075, ""obb"": {""xyxyxyxy"": [[1373.6246337890625, 1101.0029296875], [1389.8990478515625, 900.0040283203125], [1182.8460693359375, 883.239501953125], [1166.5716552734375, 1084.2384033203125]], ""xywhr"": [1278.2353515625, 992.1212158203125, 207.73049926757812, 201.65670776367188, 0.08079099655151367], ""area"": 41879.0}}]"
2025110513292616,/tmp/potato_inspection_system/data/test/project-3-at-2025-11-04-13-44-8dae778d_new/images/test/20a6beec-Pic_2025_10_21_154336_70.jpeg,"[2827, -13, 466, 193]",87606.0,OK_S2,01000000,2,0,{},[]
2025110513292617,/tmp/potato_inspection_system/data/test/project-3-at-2025-11-04-13-44-8dae778d_new/images/test/20a6beec-Pic_2025_10_21_154336_70.jpeg,"[2167, -6, 620, 228]",139781.5,OK_S4,00010000,4,0,{},[]
2025110513292618,/tmp/potato_inspection_system/data/test/project-3-at-2025-11-04-13-44-8dae778d_new/images/test/20a6beec-Pic_2025_10_21_154336_70.jpeg,"[913, -25, 625, 220]",135193.0,OK_S4,00010000,4,0,{},[]
2025110513292701,/tmp/potato_inspection_system/data/test/project-3-at-2025-11-04-13-44-8dae778d_new/images/test/309e98ef-Pic_2025_10_21_154948_224.jpeg,"[413, 732, 717, 537]",383418.0,OK_S7,00000010,7,2,"{""scabs"": 1, ""black_spots"": 1}","[{""class"": ""scabs"", ""confidence"": 0.6231054067611694, ""obb"": {""xyxyxyxy"": [[1069.3411865234375, 987.924072265625], [1090.8558349609375, 770.068603515625], [889.3543701171875, 750.1690673828125], [867.8397216796875, 968.0245361328125]], ""xywhr"": [979.3477783203125, 869.0465698242188, 202.481689453125, 218.91525268554688, 0.09843721240758896], ""area"": 44245.5}}, {""class"": ""black_spots"", ""confidence"": 0.30223768949508667, ""obb"": {""xyxyxyxy"": [[615.7489013671875, 996.978759765625], [618.0223388671875, 931.310546875], [576.234130859375, 929.86376953125], [573.960693359375, 995.531982421875]], ""xywhr"": [595.9915161132812, 963.4212646484375, 41.81325149536133, 65.70750427246094, 0.03460679203271866], ""area"": 2755.5}}]"
2025110513292702,/tmp/potato_inspection_system/data/test/project-3-at-2025-11-04-13-44-8dae778d_new/images/test/309e98ef-Pic_2025_10_21_154948_224.jpeg,"[900, 99, 706, 611]",418624.5,NG,00000001,8,8,"{""scabs"": 7, ""black_spots"": 1}","[{""class"": ""scabs"", ""confidence"": 0.9021404385566711, ""obb"": {""xyxyxyxy"": [[1226.698486328125, 256.7716369628906], [1235.141357421875, 114.05208587646484], [1074.80078125, 104.5667953491211], [1066.35791015625, 247.28634643554688]], ""xywhr"": [1150.7496337890625, 180.66921997070312, 160.6209259033203, 142.9690704345703, 0.059088222682476044], ""area"": 22952.0}}, {""class"": ""scabs"", ""confidence"": 0.8403893113136292, ""obb"": {""xyxyxyxy"": [[1016.5653686523438, 434.043212890625], [1021.4972534179688, 156.9612274169922], [900.3822631835938, 154.8054656982422], [895.4503784179688, 431.887451171875]], ""xywhr"": [958.4738159179688, 294.4243469238281, 121.1341323852539, 277.1258850097656, 0.017797604203224182], ""area"": 33590.0}}, {""class"": ""scabs"", ""confidence"": 0.7391383051872253, ""obb"": {""xyxyxyxy"": [[1075.728515625, 621.7333984375], [1082.828125, 443.4087829589844], [913.1301879882812, 436.6525573730469], [906.0304565429688, 614.9771728515625]], ""xywhr"": [994.4293212890625, 529.1929931640625, 169.8324737548828, 178.46591186523438, 0.03979221731424332], ""area"": 30131.0}}, {""class"": ""black_spots"", ""confidence"": 0.531071126461029, ""obb"": {""xyxyxyxy"": [[1307.06494140625, 596.0994262695312], [1308.00048828125, 537.4740600585938], [1241.849365234375, 536.4183959960938], [1240.913818359375, 595.0437622070312]], ""xywhr"": [1274.4571533203125, 566.2589111328125, 66.15950012207031, 58.632781982421875, 0.015956154093146324], ""area"": 3954.0}}, {""class"": ""scabs"", ""confidence"": 0.38600853085517883, ""obb"": {""xyxyxyxy"": [[1568.0936279296875, 256.09136962890625], [1578.3746337890625, 129.44180297851562], [1388.0582275390625, 113.99252319335938], [1377.7772216796875, 240.64208984375]], ""xywhr"": [1478.075927734375, 185.0419464111328, 190.9424285888672, 127.0661849975586, 0.0809992253780365], ""area"": 24361.5}}, {""class"": ""scabs"", ""confidence"": 0.35913997888565063, ""obb"": {""xyxyxyxy"": [[1158.434814453125, 616.9677734375], [1169.464111328125, 511.924560546875], [1050.23681640625, 499.406005859375], [1039.20751953125, 604.44921875]], ""xywhr"": [1104.3358154296875, 558.1868896484375, 119.88261413574219, 105.6206283569336, 0.10461395233869553], ""area"": 12627.0}}, {""class"": ""scabs"", ""confidence"": 0.3139078915119171, ""obb"": {""xyxyxyxy"": [[1170.2747802734375, 662.0516967773438], [1186.6685791015625, 491.19744873046875], [979.6868896484375, 471.33721923828125], [963.2930908203125, 642.1914672851562]], ""xywhr"": [1074.9808349609375, 566.6944580078125, 207.93228149414062, 171.63894653320312, 0.09565883129835129], ""area"": 35717.0}}, {""class"": ""scabs"", ""confidence"": 0.27216094732284546, ""obb"": {""xyxyxyxy"": [[1432.529052734375, 680.546142578125], [1438.469482421875, 567.088623046875], [1317.3134765625, 560.7451171875], [1311.373046875, 674.20263671875]], ""xywhr"": [1374.9212646484375, 620.6456298828125, 121.32194519042969, 113.6128921508789, 0.0523107685148716], ""area"": 13772.5}}]"
2025110513292703,/tmp/potato_inspection_system/data/test/project-3-at-2025-11-04-13-44-8dae778d_new/images/test/309e98ef-Pic_2025_10_21_154948_224.jpeg,"[940, 1295, 669, 553]",365913.0,OK_S7,00000010,7,3,"{""red_spots"": 1, ""black_spots"": 2}","[{""class"": ""red_spots"", ""confidence"": 0.7950277328491211, ""obb"": {""xyxyxyxy"": [[1306.4935302734375, 1613.7491455078125], [1317.6861572265625, 1356.6998291015625], [1105.1280517578125, 1347.4444580078125], [1093.9354248046875, 1604.4937744140625]], ""xywhr"": [1205.810791015625, 1480.5968017578125, 212.7595672607422, 257.29296875, 0.043515097349882126], ""area"": 54716.0}}, {""class"": ""black_spots"", ""confidence"": 0.6671061515808105, ""obb"": {""xyxyxyxy"": [[1475.59814453125, 1555.4053955078125], [1485.04541015625, 1477.3572998046875], [1418.02099609375, 1469.2445068359375], [1408.57373046875, 1547.2926025390625]], ""xywhr"": [1446.8095703125, 1512.324951171875, 67.51368713378906, 78.6178207397461, 0.12045738101005554], ""area"": 5306.0}}, {""class"": ""black_spots"", ""confidence"": 0.25897693634033203, ""obb"": {""xyxyxyxy"": [[1376.130126953125, 1465.8271484375], [1436.42236328125, 1465.61474609375], [1436.2255859375, 1409.73681640625], [1375.933349609375, 1409.94921875]], ""xywhr"": [1406.1778564453125, 1437.781982421875, 55.87830352783203, 60.29270553588867, 1.5672754049301147], ""area"": 3388.0}}]"
2025110513292704,/tmp/potato_inspection_system/data/test/project-3-at-2025-11-04-13-44-8dae778d_new/images/test/309e98ef-Pic_2025_10_21_154948_224.jpeg,"[145, 2489, 766, 485]",364633.5,OK_S7,00000010,7,3,"{""black_spots"": 2, ""red_spots"": 1}","[{""class"": ""black_spots"", ""confidence"": 0.7645819783210754, ""obb"": {""xyxyxyxy"": [[549.9521484375, 2845.354736328125], [551.661376953125, 2765.483154296875], [464.2979736328125, 2763.613525390625], [462.5887451171875, 2843.485107421875]], ""xywhr"": [507.12506103515625, 2804.484130859375, 87.38343811035156, 79.8896713256836, 0.021396616473793983], ""area"": 6964.0}}, {""class"": ""red_spots"", ""confidence"": 0.6661708354949951, ""obb"": {""xyxyxyxy"": [[439.52862548828125, 2855.16455078125], [450.64306640625, 2564.57763671875], [235.8439483642578, 2556.36181640625], [224.72947692871094, 2846.94873046875]], ""xywhr"": [337.686279296875, 2705.76318359375, 214.95620727539062, 290.79937744140625, 0.03822967782616615], ""area"": 62551.0}}, {""class"": ""black_spots"", ""confidence"": 0.33619827032089233, ""obb"": {""xyxyxyxy"": [[736.46435546875, 2733.517822265625], [738.5037841796875, 2684.232177734375], [685.99609375, 2682.059326171875], [683.9566650390625, 2731.344970703125]], ""xywhr"": [711.230224609375, 2707.78857421875, 52.55259323120117, 49.32763671875, 0.04135531559586525], ""area"": 2601.0}}]"
2025110513292705,/tmp/potato_inspection_system/data/test/project-3-at-2025-11-04-13-44-8dae778d_new/images/test/309e98ef-Pic_2025_10_21_154948_224.jpeg,"[840, 2429, 762, 579]",435767.0,OK_S7,00000010,7,4,"{""scabs"": 1, ""red_spots"": 3}","[{""class"": ""scabs"", ""confidence"": 0.5697947144508362, ""obb"": {""xyxyxyxy"": [[1462.5576171875, 2850.508056640625], [1469.627197265625, 2673.052490234375], [1288.40576171875, 2665.832763671875], [1281.336181640625, 2843.288330078125]], ""xywhr"": [1375.481689453125, 2758.17041015625, 181.36526489257812, 177.5961456298828, 0.03981702774763107], ""area"": 32180.0}}, {""class"": ""red_spots"", ""confidence"": 0.42956122756004333, ""obb"": {""xyxyxyxy"": [[1387.4853515625, 2623.17724609375], [1389.6279296875, 2496.009765625], [1200.141845703125, 2492.81689453125], [1197.999267578125, 2619.984375]], ""xywhr"": [1293.8135986328125, 2557.9970703125, 189.51307678222656, 127.18550109863281, 0.016847573220729828], ""area"": 24076.5}}, {""class"": ""red_spots"", ""confidence"": 0.3391754925251007, ""obb"": {""xyxyxyxy"": [[1039.776123046875, 2933.897216796875], [1045.8818359375, 2799.593505859375], [922.2615356445312, 2793.973388671875], [916.1558227539062, 2928.277099609375]], ""xywhr"": [981.0188598632812, 2863.935302734375, 123.74798583984375, 134.44265747070312, 0.04543032497167587], ""area"": 16576.5}}, {""class"": ""red_spots"", ""confidence"": 0.3179611265659332, ""obb"": {""xyxyxyxy"": [[1290.6744384765625, 2906.81689453125], [1304.3126220703125, 2523.6884765625], [1005.8118286132812, 2513.06298828125], [992.1736450195312, 2896.19140625]], ""xywhr"": [1148.2431640625, 2709.93994140625, 298.68988037109375, 383.3711242675781, 0.035581912845373154], ""area"": 114460.5}}]"
2025110513292706,/tmp/potato_inspection_system/data/test/project-3-at-2025-11-04-13-44-8dae778d_new/images/test/309e98ef-Pic_2025_10_21_154948_224.jpeg,"[2301, 1872, 808, 498]",401079.0,NG,00000001,8,3,"{""red_spots"": 1, ""pits"": 1, ""black_spots"": 1}","[{""class"": ""red_spots"", ""confidence"": 0.7705639004707336, ""obb"": {""xyxyxyxy"": [[2914.98388671875, 2322.440673828125], [2915.28857421875, 1900.762451171875], [2515.6025390625, 1900.473388671875], [2515.2978515625, 2322.151611328125]], ""xywhr"": [2715.293212890625, 2111.45703125, 399.68621826171875, 421.67828369140625, 0.0007227049791254103], ""area"": 168589.0}}, {""class"": ""pits"", ""confidence"": 0.6654420495033264, ""obb"": {""xyxyxyxy"": [[2329.064453125, 2210.65673828125], [2418.2939453125, 2210.47802734375], [2418.04541015625, 2086.55419921875], [2328.81591796875, 2086.73291015625]], ""xywhr"": [2373.554931640625, 2148.60546875, 123.92401123046875, 89.2298355102539, 1.5687912702560425], ""area"": 11098.0}}, {""class"": ""black_spots"", ""confidence"": 0.37908855080604553, ""obb"": {""xyxyxyxy"": [[2972.1337890625, 2009.63671875], [2974.5341796875, 1930.269775390625], [2894.09033203125, 1927.836669921875], [2891.68994140625, 2007.20361328125]], ""xywhr"": [2933.112060546875, 1968.7366943359375, 80.48067474365234, 79.4032211303711, 0.03023648075759411], ""area"": 6406.0}}]"
2025110513292707,/tmp/potato_inspection_system/data/test/project-3-at-2025-11-04-13-44-8dae778d_new/images/test/309e98ef-Pic_2025_10_21_154948_224.jpeg,"[2791, 185, 714, 499]",354113.0,NG,00000001,8,5,"{""black_spots"": 1, ""pits"": 2, ""red_spots"": 1, ""scabs"": 1}","[{""class"": ""black_spots"", ""confidence"": 0.5402957201004028, ""obb"": {""xyxyxyxy"": [[3179.92822265625, 577.92041015625], [3184.33935546875, 471.9981689453125], [3072.23974609375, 467.3297119140625], [3067.82861328125, 573.251953125]], ""xywhr"": [3126.083984375, 522.6250610351562, 112.1968765258789, 106.0140380859375, 0.041621118783950806], ""area"": 11892.0}}, {""class"": ""pits"", ""confidence"": 0.3984118700027466, ""obb"": {""xyxyxyxy"": [[2874.933349609375, 495.3000793457031], [2879.688720703125, 389.8390197753906], [2806.972412109375, 386.5602722167969], [2802.217041015625, 492.0213317871094]], ""xywhr"": [2840.952880859375, 440.93017578125, 72.79020690917969, 105.56822204589844, 0.045059096068143845], ""area"": 7698.5}}, {""class"": ""red_spots"", ""confidence"": 0.36421871185302734, ""obb"": {""xyxyxyxy"": [[3298.029541015625, 457.470947265625], [3305.101318359375, 275.87445068359375], [3128.475341796875, 268.99603271484375], [3121.403564453125, 450.592529296875]], ""xywhr"": [3213.25244140625, 363.2334899902344, 176.7596435546875, 181.734130859375, 0.03892363980412483], ""area"": 32263.0}}, {""class"": ""scabs"", ""confidence"": 0.2968127131462097, ""obb"": {""xyxyxyxy"": [[3180.675048828125, 583.3038330078125], [3185.001220703125, 475.8743896484375], [3073.100830078125, 471.3680419921875], [3068.774658203125, 578.7974853515625]], ""xywhr"": [3126.887939453125, 527.3359375, 111.9913330078125, 107.51649475097656, 0.040249019861221313], ""area"": 12062.5}}, {""class"": ""pits"", ""confidence"": 0.2569369077682495, ""obb"": {""xyxyxyxy"": [[3497.784912109375, 421.56268310546875], [3501.469970703125, 247.62939453125], [3328.467529296875, 243.9638671875], [3324.782470703125, 417.89715576171875]], ""xywhr"": [3413.126220703125, 332.7632751464844, 173.04139709472656, 173.97232055664062, 0.02118464559316635], ""area"": 30118.0}}]"
2025110513292708,/tmp/potato_inspection_system/data/test/project-3-at-2025-11-04-13-44-8dae778d_new/images/test/309e98ef-Pic_2025_10_21_154948_224.jpeg,"[2675, 1281, 884, 554]",483132.0,NG,00000001,8,4,"{""red_spots"": 1, ""scabs"": 2, ""pits"": 1}","[{""class"": ""red_spots"", ""confidence"": 0.4762153625488281, ""obb"": {""xyxyxyxy"": [[3325.77294921875, 1548.198486328125], [3329.72607421875, 1350.850341796875], [3080.85693359375, 1345.865478515625], [3076.90380859375, 1543.213623046875]], ""xywhr"": [3203.31494140625, 1447.031982421875, 248.9192657470703, 197.3876495361328, 0.020027605816721916], ""area"": 49322.0}}, {""class"": ""scabs"", ""confidence"": 0.441253662109375, ""obb"": {""xyxyxyxy"": [[3568.044677734375, 1698.169677734375], [3570.555419921875, 1483.68505859375], [3430.775634765625, 1482.048583984375], [3428.264892578125, 1696.533203125]], ""xywhr"": [3499.41015625, 1590.109130859375, 139.7894744873047, 214.4994354248047, 0.011706434190273285], ""area"": 30033.0}}, {""class"": ""scabs"", ""confidence"": 0.4336063861846924, ""obb"": {""xyxyxyxy"": [[2811.878173828125, 1701.5328369140625], [2813.263916015625, 1545.6060791015625], [2677.386962890625, 1544.3983154296875], [2676.001220703125, 1700.3250732421875]], ""xywhr"": [2744.632568359375, 1622.965576171875, 135.88233947753906, 155.9328155517578, 0.008888175711035728], ""area"": 21139.5}}, {""class"": ""pits"", ""confidence"": 0.3394595980644226, ""obb"": {""xyxyxyxy"": [[3569.11572265625, 1705.8331298828125], [3571.861328125, 1471.2574462890625], [3404.91162109375, 1469.3035888671875], [3402.166015625, 1703.8792724609375]], ""xywhr"": [3487.013671875, 1587.568359375, 166.96131896972656, 234.59182739257812, 0.011703157797455788], ""area"": 39082.0}}]"
2025110513292709,/tmp/potato_inspection_system/data/test/project-3-at-2025-11-04-13-44-8dae778d_new/images/test/309e98ef-Pic_2025_10_21_154948_224.jpeg,"[432, -32, 632, 179]",110567.5,OK_S3,00100000,3,0,{},[]
2025110513292710,/tmp/potato_inspection_system/data/test/project-3-at-2025-11-04-13-44-8dae778d_new/images/test/32baca87-Pic_2025_10_21_154327_61.jpeg,"[2797, 855, 551, 438]",237838.0,NG,00000001,8,3,"{""black_spots"": 1, ""scabs"": 2}","[{""class"": ""black_spots"", ""confidence"": 0.6285713911056519, ""obb"": {""xyxyxyxy"": [[3170.2119140625, 1075.83984375], [3174.69384765625, 1010.8641967773438], [3107.833984375, 1006.2521362304688], [3103.35205078125, 1071.227783203125]], ""xywhr"": [3139.02294921875, 1041.0460205078125, 67.0186996459961, 65.13008117675781, 0.0688713788986206], ""area"": 4371.0}}, {""class"": ""scabs"", ""confidence"": 0.5595886707305908, ""obb"": {""xyxyxyxy"": [[3269.255859375, 999.9755859375], [3272.0751953125, 893.604248046875], [3143.44921875, 890.195068359375], [3140.6298828125, 996.56640625]], ""xywhr"": [3206.3525390625, 945.0853271484375, 128.67117309570312, 106.40865325927734, 0.026498058810830116], ""area"": 13683.0}}, {""class"": ""scabs"", ""confidence"": 0.2948615550994873, ""obb"": {""xyxyxyxy"": [[3098.528076171875, 1217.332275390625], [3099.159423828125, 1094.92822265625], [2974.231689453125, 1094.283935546875], [2973.600341796875, 1216.68798828125]], ""xywhr"": [3036.3798828125, 1155.80810546875, 124.92936706542969, 122.4057388305664, 0.005157336592674255], ""area"": 15313.0}}]"
2025110513292711,/tmp/potato_inspection_system/data/test/project-3-at-2025-11-04-13-44-8dae778d_new/images/test/32baca87-Pic_2025_10_21_154327_61.jpeg,"[488, 367, 583, 388]",221481.0,OK_S6,00000100,6,2,"{""red_spots"": 2}","[{""class"": ""red_spots"", ""confidence"": 0.8412762880325317, ""obb"": {""xyxyxyxy"": [[894.3556518554688, 654.9063110351562], [900.1206665039062, 423.99371337890625], [672.6807250976562, 418.31536865234375], [666.9157104492188, 649.2279663085938]], ""xywhr"": [783.5181884765625, 536.61083984375, 227.51083374023438, 230.98452758789062, 0.02496126852929592], ""area"": 52698.0}}, {""class"": ""red_spots"", ""confidence"": 0.3212325870990753, ""obb"": {""xyxyxyxy"": [[638.0008544921875, 575.788330078125], [643.900634765625, 474.4819030761719], [553.0340576171875, 469.1900329589844], [547.13427734375, 570.4964599609375]], ""xywhr"": [595.5174560546875, 522.4891967773438, 91.02049255371094, 101.47809600830078, 0.05817161500453949], ""area"": 9168.0}}]"
2025110513292712,/tmp/potato_inspection_system/data/test/project-3-at-2025-11-04-13-44-8dae778d_new/images/test/3b7c3445-Pic_2025_10_21_154807_184.jpeg,"[2739, 2607, 543, 391]",208986.0,OK_S5,00001000,5,3,"{""black_spots"": 2, ""red_spots"": 1}","[{""class"": ""black_spots"", ""confidence"": 0.44103488326072693, ""obb"": {""xyxyxyxy"": [[3051.027099609375, 2851.41943359375], [3054.859130859375, 2770.787109375], [2968.255615234375, 2766.67138671875], [2964.423583984375, 2847.3037109375]], ""xywhr"": [3009.641357421875, 2809.04541015625, 86.70137786865234, 80.72334289550781, 0.04748646169900894], ""area"": 7020.5}}, {""class"": ""red_spots"", ""confidence"": 0.3943284749984741, ""obb"": {""xyxyxyxy"": [[3253.52197265625, 2957.39013671875], [3256.83203125, 2822.14599609375], [3149.8134765625, 2819.52685546875], [3146.50341796875, 2954.77099609375]], ""xywhr"": [3201.667724609375, 2888.45849609375, 107.05058288574219, 135.2847900390625, 0.02446991577744484], ""area"": 14454.0}}, {""class"": ""black_spots"", ""confidence"": 0.3222011923789978, ""obb"": {""xyxyxyxy"": [[3044.193359375, 2981.146240234375], [3045.7216796875, 2911.060791015625], [2983.681640625, 2909.708251953125], [2982.1533203125, 2979.793701171875]], ""xywhr"": [3013.9375, 2945.42724609375, 62.054664611816406, 70.10197448730469, 0.021800991147756577], ""area"": 4342.0}}]"
2025110513292801,/tmp/potato_inspection_system/data/test/project-3-at-2025-11-04-13-44-8dae778d_new/images/test/a519ccb1-Pic_2025_10_21_153851_22.jpeg,"[2447, 1980, 653, 421]",272236.5,OK_S7,00000010,7,2,"{""red_spots"": 2}","[{""class"": ""red_spots"", ""confidence"": 0.381513386964798, ""obb"": {""xyxyxyxy"": [[2749.39306640625, 2346.408935546875], [2755.2001953125, 2056.843505859375], [2516.50830078125, 2052.056884765625], [2510.701171875, 2341.622314453125]], ""xywhr"": [2632.95068359375, 2199.23291015625, 238.73977661132812, 289.62371826171875, 0.020051388069987297], ""area"": 69217.5}}, {""class"": ""red_spots"", ""confidence"": 0.29170292615890503, ""obb"": {""xyxyxyxy"": [[2946.093017578125, 2268.55419921875], [2954.351318359375, 2067.25537109375], [2761.809326171875, 2059.3564453125], [2753.551025390625, 2260.6552734375]], ""xywhr"": [2853.951171875, 2163.955322265625, 192.70379638671875, 201.46820068359375, 0.04100262373685837], ""area"": 38857.0}}]"
2025110513292802,/tmp/potato_inspection_system/data/test/project-3-at-2025-11-04-13-44-8dae778d_new/images/test/b1e224e1-Pic_2025_10_21_154312_46.jpeg,"[2404, 477, 632, 488]",298335.0,OK_S7,00000010,7,2,"{""red_spots"": 2}","[{""class"": ""red_spots"", ""confidence"": 0.3044205605983734, ""obb"": {""xyxyxyxy"": [[2983.05517578125, 835.1539306640625], [2993.0224609375, 659.200439453125], [2862.7080078125, 651.818603515625], [2852.74072265625, 827.7720947265625]], ""xywhr"": [2922.881591796875, 743.4862670898438, 130.52354431152344, 176.23556518554688, 0.05658558011054993], ""area"": 23136.0}}, {""class"": ""red_spots"", ""confidence"": 0.2950618267059326, ""obb"": {""xyxyxyxy"": [[2815.006103515625, 651.6092529296875], [2820.672607421875, 513.0487060546875], [2665.605224609375, 506.7068786621094], [2659.938720703125, 645.2674560546875]], ""xywhr"": [2740.3056640625, 579.1580810546875, 155.19696044921875, 138.67642211914062, 0.04087444767355919], ""area"": 21572.5}}]"
2025110513292803,/tmp/potato_inspection_system/data/test/project-3-at-2025-11-04-13-44-8dae778d_new/images/test/c80481f7-Pic_2025_10_21_154620_148.jpeg,"[2385, 2421, 763, 435]",329134.0,OK_S7,00000010,7,3,"{""red_spots"": 1, ""black_spots"": 1, ""scabs"": 1}","[{""class"": ""red_spots"", ""confidence"": 0.5590844750404358, ""obb"": {""xyxyxyxy"": [[2961.28466796875, 2633.67724609375], [2963.4560546875, 2476.3564453125], [2691.05224609375, 2472.59619140625], [2688.880859375, 2629.9169921875]], ""xywhr"": [2826.16845703125, 2553.13671875, 272.4295349121094, 157.33602905273438, 0.013802643865346909], ""area"": 42792.5}}, {""class"": ""black_spots"", ""confidence"": 0.31496334075927734, ""obb"": {""xyxyxyxy"": [[2565.61328125, 2641.823486328125], [2565.685546875, 2584.256591796875], [2511.5947265625, 2584.188720703125], [2511.5224609375, 2641.755615234375]], ""xywhr"": [2538.60400390625, 2613.006103515625, 54.0910758972168, 57.56715774536133, 0.0012531005777418613], ""area"": 3078.0}}, {""class"": ""scabs"", ""confidence"": 0.30420538783073425, ""obb"": {""xyxyxyxy"": [[3003.375244140625, 2817.04541015625], [3009.489990234375, 2629.41796875], [2850.455810546875, 2624.23486328125], [2844.341064453125, 2811.8623046875]], ""xywhr"": [2926.91552734375, 2720.64013671875, 159.11886596679688, 187.72702026367188, 0.03257939592003822], ""area"": 29845.5}}]"
2025110513292804,/tmp/potato_inspection_system/data/test/project-3-at-2025-11-04-13-44-8dae778d_new/images/test/c80481f7-Pic_2025_10_21_154620_148.jpeg,"[482, 724, 752, 482]",357790.5,OK_S7,00000010,7,2,"{""black_spots"": 1, ""red_spots"": 1}","[{""class"": ""black_spots"", ""confidence"": 0.4615463316440582, ""obb"": {""xyxyxyxy"": [[935.7062377929688, 1097.1304931640625], [1001.0205688476562, 1096.4969482421875], [1000.3003540039062, 1022.2384643554688], [934.9860229492188, 1022.8718872070312]], ""xywhr"": [968.0032958984375, 1059.6844482421875, 74.26201629638672, 65.3173599243164, 1.561098337173462], ""area"": 4917.5}}, {""class"": ""red_spots"", ""confidence"": 0.402089923620224, ""obb"": {""xyxyxyxy"": [[945.8795166015625, 1019.6318359375], [949.8048095703125, 814.756103515625], [660.927001953125, 809.221435546875], [657.001708984375, 1014.09716796875]], ""xywhr"": [803.4032592773438, 914.4266357421875, 288.93084716796875, 204.9132843017578, 0.01915678381919861], ""area"": 59160.0}}]"
2025110513292805,/tmp/potato_inspection_system/data/test/project-3-at-2025-11-04-13-44-8dae778d_new/images/test/c80481f7-Pic_2025_10_21_154620_148.jpeg,"[795, 1248, 799, 541]",430521.0,OK_S7,00000010,7,1,"{""red_spots"": 1}","[{""class"": ""red_spots"", ""confidence"": 0.3193832337856293, ""obb"": {""xyxyxyxy"": [[1088.4979248046875, 1502.709228515625], [1089.9603271484375, 1344.162109375], [922.0635986328125, 1342.613525390625], [920.6011962890625, 1501.16064453125]], ""xywhr"": [1005.28076171875, 1422.661376953125, 167.90383911132812, 158.55392456054688, 0.009223359636962414], ""area"": 26551.0}}]"
2025110513292806,/tmp/potato_inspection_system/data/test/project-3-at-2025-11-04-13-44-8dae778d_new/images/test/c80481f7-Pic_2025_10_21_154620_148.jpeg,"[2797, 1827, 637, 512]",324678.0,NG,00000001,8,2,"{""pits"": 1, ""red_spots"": 1}","[{""class"": ""pits"", ""confidence"": 0.48495617508888245, ""obb"": {""xyxyxyxy"": [[2907.288818359375, 2068.6416015625], [2911.247802734375, 1952.2071533203125], [2803.994873046875, 1948.5601806640625], [2800.035888671875, 2064.99462890625]], ""xywhr"": [2855.641845703125, 2008.6009521484375, 107.314697265625, 116.50178527832031, 0.03398960456252098], ""area"": 12484.0}}, {""class"": ""red_spots"", ""confidence"": 0.3886001706123352, ""obb"": {""xyxyxyxy"": [[3294.136962890625, 2249.03564453125], [3307.334228515625, 1902.7337646484375], [2959.353759765625, 1889.4725341796875], [2946.156494140625, 2235.7744140625]], ""xywhr"": [3126.745361328125, 2069.254150390625, 348.2330627441406, 346.55328369140625, 0.038090456277132034], ""area"": 120757.5}}]"
2025110513292807,/tmp/potato_inspection_system/data/test/project-3-at-2025-11-04-13-44-8dae778d_new/images/test/c80481f7-Pic_2025_10_21_154620_148.jpeg,"[2109, 1833, 697, 515]",355587.0,NG,00000001,8,4,"{""scabs"": 3, ""black_spots"": 1}","[{""class"": ""scabs"", ""confidence"": 0.8512235283851624, ""obb"": {""xyxyxyxy"": [[2273.270751953125, 2245.72705078125], [2278.916259765625, 1875.873046875], [2094.766357421875, 1873.06201171875], [2089.120849609375, 2242.916015625]], ""xywhr"": [2184.0185546875, 2059.39453125, 184.17117309570312, 369.8970031738281, 0.0152628468349576], ""area"": 68000.5}}, {""class"": ""scabs"", ""confidence"": 0.6227582097053528, ""obb"": {""xyxyxyxy"": [[2695.206787109375, 2302.3515625], [2711.333740234375, 1967.35986328125], [2397.371826171875, 1952.2451171875], [2381.244873046875, 2287.23681640625]], ""xywhr"": [2546.289306640625, 2127.29833984375, 314.32562255859375, 335.3797912597656, 0.048104774206876755], ""area"": 105430.0}}, {""class"": ""black_spots"", ""confidence"": 0.411186158657074, ""obb"": {""xyxyxyxy"": [[2296.2138671875, 1981.9366455078125], [2299.8701171875, 1923.5845947265625], [2251.53955078125, 1920.5562744140625], [2247.88330078125, 1978.9083251953125]], ""xywhr"": [2273.876708984375, 1951.2464599609375, 48.42536163330078, 58.46641159057617, 0.0625775009393692], ""area"": 2823.5}}, {""class"": ""scabs"", ""confidence"": 0.31352147459983826, ""obb"": {""xyxyxyxy"": [[2832.193359375, 2188.203369140625], [2834.30078125, 2058.098876953125], [2755.1689453125, 2056.817138671875], [2753.0615234375, 2186.921630859375]], ""xywhr"": [2793.68115234375, 2122.51025390625, 79.14234924316406, 130.12167358398438, 0.01619705557823181], ""area"": 10274.0}}]"
2025110513292808,/tmp/potato_inspection_system/data/test/project-3-at-2025-11-04-13-44-8dae778d_new/images/test/c80481f7-Pic_2025_10_21_154620_148.jpeg,"[2868, 140, 738, 504]",365054.0,NG,00000001,8,6,"{""scabs"": 2, ""black_spots"": 4}","[{""class"": ""scabs"", ""confidence"": 0.7916713953018188, ""obb"": {""xyxyxyxy"": [[3398.715087890625, 295.94122314453125], [3403.082763671875, 157.59161376953125], [3231.901123046875, 152.1871337890625], [3227.533447265625, 290.5367431640625]], ""xywhr"": [3315.30810546875, 224.06417846679688, 171.26705932617188, 138.41856384277344, 0.03156111389398575], ""area"": 23689.5}}, {""class"": ""scabs"", ""confidence"": 0.705977201461792, ""obb"": {""xyxyxyxy"": [[2985.054931640625, 428.8955078125], [2986.914794921875, 267.36639404296875], [2865.484619140625, 265.9683837890625], [2863.624755859375, 427.49749755859375]], ""xywhr"": [2925.269775390625, 347.43194580078125, 121.43803405761719, 161.5398406982422, 0.011512626893818378], ""area"": 19624.5}}, {""class"": ""black_spots"", ""confidence"": 0.6992875933647156, ""obb"": {""xyxyxyxy"": [[3277.358154296875, 557.2625732421875], [3277.905517578125, 448.7840270996094], [3163.037353515625, 448.2044982910156], [3162.489990234375, 556.6830444335938]], ""xywhr"": [3220.19775390625, 502.7335510253906, 114.8694839477539, 108.47993469238281, 0.0050452654249966145], ""area"": 12423.5}}, {""class"": ""black_spots"", ""confidence"": 0.35629016160964966, ""obb"": {""xyxyxyxy"": [[3135.469482421875, 428.24951171875], [3137.854736328125, 375.2423095703125], [3081.390869140625, 372.70147705078125], [3079.005615234375, 425.70867919921875]], ""xywhr"": [3108.43017578125, 400.4754943847656, 56.52117156982422, 53.06083297729492, 0.044968653470277786], ""area"": 2974.0}}, {""class"": ""black_spots"", ""confidence"": 0.3215346038341522, ""obb"": {""xyxyxyxy"": [[3102.328125, 313.89031982421875], [3105.74169921875, 262.80291748046875], [3058.6865234375, 259.65899658203125], [3055.27294921875, 310.74639892578125]], ""xywhr"": [3080.50732421875, 286.774658203125, 47.1600227355957, 51.201324462890625, 0.06671468168497086], ""area"": 2406.0}}, {""class"": ""black_spots"", ""confidence"": 0.2995488941669464, ""obb"": {""xyxyxyxy"": [[3159.88037109375, 541.554931640625], [3162.5419921875, 449.0975341796875], [3061.39208984375, 446.18560791015625], [3058.73046875, 538.6430053710938]], ""xywhr"": [3110.63623046875, 493.8702697753906, 101.19171905517578, 92.4957046508789, 0.028780117630958557], ""area"": 9301.0}}]"
2025110513292809,/tmp/potato_inspection_system/data/test/project-3-at-2025-11-04-13-44-8dae778d_new/images/test/c80481f7-Pic_2025_10_21_154620_148.jpeg,"[750, 2437, 814, 413]",333327.5,OK_S7,00000010,7,4,"{""scabs"": 1, ""red_spots"": 2, ""black_spots"": 1}","[{""class"": ""scabs"", ""confidence"": 0.7413721680641174, ""obb"": {""xyxyxyxy"": [[884.407958984375, 2768.23828125], [886.751953125, 2624.40576171875], [770.27978515625, 2622.5078125], [767.935791015625, 2766.34033203125]], ""xywhr"": [827.3438720703125, 2695.373046875, 116.48765563964844, 143.8513641357422, 0.016294987872242928], ""area"": 16781.0}}, {""class"": ""red_spots"", ""confidence"": 0.6914283037185669, ""obb"": {""xyxyxyxy"": [[1134.7056884765625, 2644.79931640625], [1136.9156494140625, 2507.37060546875], [1001.6505737304688, 2505.1953125], [999.4406127929688, 2642.6240234375]], ""xywhr"": [1068.1781005859375, 2574.997314453125, 135.28253173828125, 137.44638061523438, 0.01607927307486534], ""area"": 18499.0}}, {""class"": ""black_spots"", ""confidence"": 0.3720794916152954, ""obb"": {""xyxyxyxy"": [[1004.2944946289062, 2833.77587890625], [1005.2444458007812, 2760.353515625], [931.4503784179688, 2759.39892578125], [930.5004272460938, 2832.8212890625]], ""xywhr"": [967.8724365234375, 2796.58740234375, 73.80029296875, 73.42852783203125, 0.012937252409756184], ""area"": 5403.0}}, {""class"": ""red_spots"", ""confidence"": 0.2717716693878174, ""obb"": {""xyxyxyxy"": [[1398.944580078125, 2777.482666015625], [1404.913330078125, 2521.370361328125], [1114.079833984375, 2514.592529296875], [1108.111083984375, 2770.704833984375]], ""xywhr"": [1256.51220703125, 2646.03759765625, 290.9125061035156, 256.18194580078125, 0.023300891742110252], ""area"": 74282.0}}]"
2025110513292810,/tmp/potato_inspection_system/data/test/project-3-at-2025-11-04-13-44-8dae778d_new/images/test/c80481f7-Pic_2025_10_21_154620_148.jpeg,"[2193, 1318, 711, 409]",285288.0,NG,00000001,8,4,"{""scabs"": 3, ""red_spots"": 1}","[{""class"": ""scabs"", ""confidence"": 0.9634234309196472, ""obb"": {""xyxyxyxy"": [[2894.24609375, 1592.3013916015625], [2907.34033203125, 1369.3995361328125], [2701.95166015625, 1357.3341064453125], [2688.857421875, 1580.2359619140625]], ""xywhr"": [2798.098876953125, 1474.8177490234375, 205.7425994873047, 223.2861328125, 0.05867729336023331], ""area"": 46094.0}}, {""class"": ""scabs"", ""confidence"": 0.8112624883651733, ""obb"": {""xyxyxyxy"": [[2434.11328125, 1499.7154541015625], [2440.4716796875, 1336.3206787109375], [2258.54296875, 1329.2413330078125], [2252.1845703125, 1492.6361083984375]], ""xywhr"": [2346.328125, 1414.4783935546875, 182.06626892089844, 163.51846313476562, 0.03889377415180206], ""area"": 29708.0}}, {""class"": ""scabs"", ""confidence"": 0.5183659195899963, ""obb"": {""xyxyxyxy"": [[2562.02978515625, 1613.373779296875], [2571.62841796875, 1430.753662109375], [2346.51806640625, 1418.92138671875], [2336.91943359375, 1601.54150390625]], ""xywhr"": [2454.27392578125, 1516.1475830078125, 225.4211883544922, 182.8721160888672, 0.05251365900039673], ""area"": 41380.5}}, {""class"": ""red_spots"", ""confidence"": 0.36932188272476196, ""obb"": {""xyxyxyxy"": [[2309.002685546875, 1593.894775390625], [2309.952392578125, 1481.811767578125], [2221.334228515625, 1481.060791015625], [2220.384521484375, 1593.143798828125]], ""xywhr"": [2265.16845703125, 1537.477783203125, 88.62142944335938, 112.08707427978516, 0.008475094102323055], ""area"": 9912.0}}]"
2025110513292901,/tmp/potato_inspection_system/data/test/project-3-at-2025-11-04-13-44-8dae778d_new/images/test/e6963a94-Pic_2025_10_21_154310_44.jpeg,"[2398, 2415, 593, 400]",232764.0,OK_S6,00000100,6,2,"{""red_spots"": 1, ""black_spots"": 1}","[{""class"": ""red_spots"", ""confidence"": 0.4368934631347656, ""obb"": {""xyxyxyxy"": [[2938.08251953125, 2640.95654296875], [2945.63134765625, 2515.4345703125], [2832.02783203125, 2508.6025390625], [2824.47900390625, 2634.12451171875]], ""xywhr"": [2885.05517578125, 2574.779541015625, 113.80865478515625, 125.7488784790039, 0.06006886810064316], ""area"": 14293.0}}, {""class"": ""black_spots"", ""confidence"": 0.2812179923057556, ""obb"": {""xyxyxyxy"": [[2812.28271484375, 2783.8603515625], [2812.48876953125, 2737.470703125], [2755.78466796875, 2737.21875], [2755.57861328125, 2783.6083984375]], ""xywhr"": [2784.03369140625, 2760.53955078125, 56.70454025268555, 46.3900032043457, 0.004440623801201582], ""area"": 2622.0}}]"
2025110513292902,/tmp/potato_inspection_system/data/test/project-3-at-2025-11-04-13-44-8dae778d_new/images/test/e6963a94-Pic_2025_10_21_154310_44.jpeg,"[2515, 1282, 616, 414]",253995.0,OK_S6,00000100,6,2,"{""red_spots"": 2}","[{""class"": ""red_spots"", ""confidence"": 0.7281681299209595, ""obb"": {""xyxyxyxy"": [[2933.165283203125, 1668.209716796875], [2935.148193359375, 1532.94677734375], [2740.420654296875, 1530.092041015625], [2738.437744140625, 1665.35498046875]], ""xywhr"": [2836.79296875, 1599.15087890625, 194.74844360351562, 135.27740478515625, 0.01465914212167263], ""area"": 26427.5}}, {""class"": ""red_spots"", ""confidence"": 0.7021340727806091, ""obb"": {""xyxyxyxy"": [[2784.394775390625, 1511.7137451171875], [2785.868896484375, 1358.0765380859375], [2614.783447265625, 1356.4351806640625], [2613.309326171875, 1510.0723876953125]], ""xywhr"": [2699.589111328125, 1434.074462890625, 171.09312438964844, 153.6442413330078, 0.00959374662488699], ""area"": 26250.0}}]"
2025110513292903,/tmp/potato_inspection_system/data/test/project-3-at-2025-11-04-13-44-8dae778d_new/images/test/f17352fd-Pic_2025_10_21_154630_158.jpeg,"[606, 2305, 714, 468]",329325.5,OK_S7,00000010,7,2,"{""red_spots"": 2}","[{""class"": ""red_spots"", ""confidence"": 0.5100252628326416, ""obb"": {""xyxyxyxy"": [[1167.6864013671875, 2697.492919921875], [1182.9798583984375, 2378.760986328125], [892.1256103515625, 2364.804931640625], [876.83203125, 2683.536865234375]], ""xywhr"": [1029.906005859375, 2531.14892578125, 291.18896484375, 319.09844970703125, 0.04794570058584213], ""area"": 92886.5}}, {""class"": ""red_spots"", ""confidence"": 0.3377344608306885, ""obb"": {""xyxyxyxy"": [[1003.4898071289062, 2492.258056640625], [1007.7354125976562, 2358.731689453125], [882.3458862304688, 2354.744873046875], [878.1002807617188, 2488.271240234375]], ""xywhr"": [942.9178466796875, 2423.50146484375, 125.4529037475586, 133.59396362304688, 0.03178544342517853], ""area"": 16766.0}}]"
2025110513292904,/tmp/potato_inspection_system/data/test/project-3-at-2025-11-04-13-44-8dae778d_new/images/test/f17352fd-Pic_2025_10_21_154630_158.jpeg,"[2219, 1753, 754, 469]",346434.5,NG,00000001,8,5,"{""black_spots"": 2, ""red_spots"": 1, ""scabs"": 1, ""pits"": 1}","[{""class"": ""black_spots"", ""confidence"": 0.7849568724632263, ""obb"": {""xyxyxyxy"": [[2774.78955078125, 2084.877685546875], [2776.326171875, 2024.1383056640625], [2710.22119140625, 2022.4659423828125], [2708.6845703125, 2083.205322265625]], ""xywhr"": [2742.50537109375, 2053.671875, 66.12618255615234, 60.75886154174805, 0.025291770696640015], ""area"": 3996.0}}, {""class"": ""red_spots"", ""confidence"": 0.6668034195899963, ""obb"": {""xyxyxyxy"": [[2467.108154296875, 1953.9530029296875], [2703.934814453125, 1953.7933349609375], [2703.824462890625, 1789.9468994140625], [2466.997802734375, 1790.1065673828125]], ""xywhr"": [2585.46630859375, 1871.949951171875, 163.8463897705078, 236.8269500732422, 1.5701223611831665], ""area"": 38668.0}}, {""class"": ""scabs"", ""confidence"": 0.6640741229057312, ""obb"": {""xyxyxyxy"": [[2381.337890625, 2134.69482421875], [2385.4755859375, 2004.1461181640625], [2242.82666015625, 1999.6246337890625], [2238.68896484375, 2130.17333984375]], ""xywhr"": [2312.082275390625, 2067.15966796875, 142.72047424316406, 130.61416625976562, 0.03168441727757454], ""area"": 18679.5}}, {""class"": ""black_spots"", ""confidence"": 0.5309186577796936, ""obb"": {""xyxyxyxy"": [[2337.064208984375, 1893.7755126953125], [2340.073974609375, 1843.0906982421875], [2293.444091796875, 1840.3216552734375], [2290.434326171875, 1891.0064697265625]], ""xywhr"": [2315.254150390625, 1867.048583984375, 46.712257385253906, 50.77411651611328, 0.05931311473250389], ""area"": 2381.0}}, {""class"": ""pits"", ""confidence"": 0.5067622065544128, ""obb"": {""xyxyxyxy"": [[2902.480224609375, 2025.0997314453125], [2909.703369140625, 1884.5570068359375], [2781.216064453125, 1877.9537353515625], [2773.992919921875, 2018.4964599609375]], ""xywhr"": [2841.84814453125, 1951.5267333984375, 128.6567840576172, 140.7283172607422, 0.05134791135787964], ""area"": 18171.0}}]"
