area,perimeter,major_axis,minor_axis,circularity,width,height,estimated_volume,estimated_weight,aspect_ratio,file_path,folder,weight_range,min_weight,max_weight,quality,is_ok,scheme_a_class,expected_class,scheme_b_class,scheme_c_class
665152.0,12411.854355096817,1627.997802734375,638.451416015625,0.054257205740115125,1427,759,347.4626645452233,382.20893099974563,2.5499165040531957,/tmp/potato_inspection_system/data/test/1021/150-200 NG/Pic_2025_10_21_154756_173.jpeg,150-200 NG,150-200,150,200,NG,False,Level 4,Level 4,Level 4,Level 4
510257.0,14413.334583640099,1250.306640625,732.0648803710938,0.0308652570999074,1329,852,350.844203483623,385.92862383198536,1.7079178009348057,/tmp/potato_inspection_system/data/test/1021/150-200 NG/Pic_2025_10_21_154757_174.jpeg,150-200 NG,150-200,150,200,NG,False,Level 4,Level 4,Level 3,Level 4
332270.0,9207.482649087906,967.8204345703125,644.6578369140625,0.04925146771929891,880,692,210.59688499998265,231.65657349998094,1.5012932119203104,/tmp/potato_inspection_system/data/test/1021/150-200 NG/Pic_2025_10_21_154758_175.jpeg,150-200 NG,150-200,150,200,NG,False,Level 7,Level 7,Level 6,Level 7
315599.5,8193.093698143959,1465.5126953125,483.0233459472656,0.059081338713185626,1264,620,179.02943919854548,196.93238311840003,3.034041123702742,/tmp/potato_inspection_system/data/test/1021/150-200 NG/Pic_2025_10_21_154800_177.jpeg,150-200 NG,150-200,150,200,NG,False,Level 7,Level 7,Level 7,Level 7
602662.0,17896.97122824192,1278.572509765625,1158.0189208984375,0.023644198281563545,1526,1250,897.7497557858486,987.5247313644336,1.1041032980477186,/tmp/potato_inspection_system/data/test/1021/150-200 NG/Pic_2025_10_21_154801_178.jpeg,150-200 NG,150-200,150,200,NG,False,Level 1,Level 1,Level 1,Level 1
401018.5,9881.985175728798,1216.256103515625,804.58203125,0.051604298190682046,1414,868,412.2534639424729,453.4788103367202,1.5116620260907982,/tmp/potato_inspection_system/data/test/1021/150-200 NG/Pic_2025_10_21_154759_176.jpeg,150-200 NG,150-200,150,200,NG,False,Level 2,Level 2,Level 2,Level 2
579976.5,10211.028893947601,1263.2222900390625,786.64892578125,0.06990065585326853,1392,891,409.29864844685494,450.2285132915405,1.6058272612328428,/tmp/potato_inspection_system/data/test/1021/150-200 NG/Pic_2025_10_21_154802_179.jpeg,150-200 NG,150-200,150,200,NG,False,Level 2,Level 2,Level 2,Level 2
211953.5,1871.099626660347,564.786865234375,485.27294921875,0.7607756999430642,555,482,69.6394570273786,76.60340273011646,1.1638540045218593,/tmp/potato_inspection_system/data/test/1021/150-200 NG/Pic_2025_10_21_154805_182.jpeg,150-200 NG,150-200,150,200,NG,False,NG,NG,NG,NG
266546.5,2393.952439546585,776.2732543945312,460.530517578125,0.5844559874405476,741,511,86.20452727336342,94.82498000069978,1.6856065445496633,/tmp/potato_inspection_system/data/test/1021/150-200 NG/Pic_2025_10_21_154804_181.jpeg,150-200 NG,150-200,150,200,NG,False,NG,NG,NG,NG
131045.5,1473.9381597042084,470.59619140625,370.91058349609375,0.7580074093567156,469,341,33.89889029890093,37.28877932879103,1.2687591358826946,/tmp/potato_inspection_system/data/test/1021/150-200 NG/Pic_2025_10_21_154807_184.jpeg,150-200 NG,150-200,150,200,NG,False,NG,NG,NG,NG
158586.0,1841.9108092784882,529.8281860351562,384.5640869140625,0.5874048337219219,573,399,41.0271292712332,45.12984219835652,1.3777370380234062,/tmp/potato_inspection_system/data/test/1021/150-200 NG/Pic_2025_10_21_154806_183.jpeg,150-200 NG,150-200,150,200,NG,False,NG,NG,NG,NG
381834.0,7683.880494713783,1077.5621337890625,616.9658813476562,0.08126868967709149,1104,779,214.76486815601297,236.24135497161427,1.7465506057406492,/tmp/potato_inspection_system/data/test/1021/150-200 NG/Pic_2025_10_21_154803_180.jpeg,150-200 NG,150-200,150,200,NG,False,Level 7,Level 7,Level 6,Level 7
366123.0,14917.452335119247,1469.7802734375,677.5703735351562,0.020675097136015317,1383,1030,353.31319194278393,388.64451113706235,2.1691920586330644,/tmp/potato_inspection_system/data/test/1021/100-150 ng/Pic_2025_10_21_154304_38.jpeg,100-150 ng,100-150,100,150,ng,False,Level 4,Level 4,Level 3,Level 4
233994.0,7623.787129998207,1140.69189453125,368.2763977050781,0.05059097653922466,1169,454,81.00554546882597,89.10610001570858,3.0973798528482814,/tmp/potato_inspection_system/data/test/1021/100-150 ng/Pic_2025_10_21_154306_40.jpeg,100-150 ng,100-150,100,150,ng,False,NG,NG,NG,NG
419900.0,8853.12522315979,1362.9376220703125,584.790771484375,0.06732285488964511,1296,655,244.04820798456493,268.45302878302147,2.330641467906148,/tmp/potato_inspection_system/data/test/1021/100-150 ng/Pic_2025_10_21_154303_37.jpeg,100-150 ng,100-150,100,150,ng,False,Level 6,Level 6,Level 6,Level 6
159490.5,1937.040751695633,540.3968505859375,378.8325500488281,0.5341548406856714,575,387,40.60747694234459,44.668224636579055,1.426479457787577,/tmp/potato_inspection_system/data/test/1021/100-150 ng/Pic_2025_10_21_154305_39.jpeg,100-150 ng,100-150,100,150,ng,False,NG,NG,NG,NG
267975.5,9706.411581277847,927.47509765625,526.6688232421875,0.03574271583681891,972,697,134.70263808358908,148.172901891948,1.76102145546928,/tmp/potato_inspection_system/data/test/1021/100-150 ng/Pic_2025_10_21_154308_42.jpeg,100-150 ng,100-150,100,150,ng,False,NG,NG,NG,NG
178624.5,3291.0062618255615,623.5004272460938,429.4176025390625,0.20724949113902372,668,427,60.199802097891,66.2197823076801,1.4519675568944015,/tmp/potato_inspection_system/data/test/1021/100-150 ng/Pic_2025_10_21_154310_44.jpeg,100-150 ng,100-150,100,150,ng,False,NG,NG,NG,NG
242027.0,5858.635765790939,744.9605712890625,518.4638671875,0.08860958132447819,824,562,104.85011218214449,115.33512340035894,1.4368611169187824,/tmp/potato_inspection_system/data/test/1021/100-150 ng/Pic_2025_10_21_154309_43.jpeg,100-150 ng,100-150,100,150,ng,False,NG,NG,NG,NG
327438.0,9132.047016263008,1745.4554443359375,463.6674499511719,0.04934039993688209,1478,527,196.48102151418354,216.12912366560192,3.764455418468018,/tmp/potato_inspection_system/data/test/1021/100-150 ng/Pic_2025_10_21_154312_46.jpeg,100-150 ng,100-150,100,150,ng,False,Level 7,Level 7,Level 7,Level 7
275102.0,8977.13950252533,956.2818603515625,540.6106567382812,0.04289707336434576,1134,637,146.33686436142006,160.97055079756208,1.7688919898863826,/tmp/potato_inspection_system/data/test/1021/100-150 ng/Pic_2025_10_21_154307_41.jpeg,100-150 ng,100-150,100,150,ng,False,Level 7,Level 7,NG,Level 7
191987.5,2207.9280554056168,602.7657470703125,418.73138427734375,0.4948949036402057,614,481,55.337331557484916,60.87106471323341,1.4395045838529144,/tmp/potato_inspection_system/data/test/1021/100-150 ng/Pic_2025_10_21_154314_48.jpeg,100-150 ng,100-150,100,150,ng,False,NG,NG,NG,NG
184526.0,3466.552504181862,577.2560424804688,478.5634460449219,0.19296203332475487,580,506,69.22232083100103,76.14455291410114,1.2062267756787315,/tmp/potato_inspection_system/data/test/1021/100-150 ng/Pic_2025_10_21_154311_45.jpeg,100-150 ng,100-150,100,150,ng,False,NG,NG,NG,NG
271477.5,9958.352707862854,1184.852783203125,550.2699584960938,0.034400812238974836,1144,660,187.8514805977461,206.63662865752073,2.153220914406026,/tmp/potato_inspection_system/data/test/1021/100-150 ng/Pic_2025_10_21_154313_47.jpeg,100-150 ng,100-150,100,150,ng,False,Level 7,Level 7,Level 7,Level 7
199080.5,6553.5789794921875,639.3245849609375,499.3226623535156,0.05824806619373595,715,545,83.4608075665371,91.80688832319082,1.280383674050632,/tmp/potato_inspection_system/data/test/1021/100-150 ng/Pic_2025_10_21_154316_50.jpeg,100-150 ng,100-150,100,150,ng,False,NG,NG,NG,NG
132974.5,1534.8498468399048,474.52410888671875,371.3115539550781,0.7093269156544356,466,365,34.25577765010098,37.681355415111085,1.277967528433353,/tmp/potato_inspection_system/data/test/1021/100-150 ng/Pic_2025_10_21_154317_51.jpeg,100-150 ng,100-150,100,150,ng,False,NG,NG,NG,NG
181585.5,2317.408283352852,572.33056640625,428.2804870605469,0.4248992067256007,636,420,54.96701320973764,60.46371453071141,1.336345184284192,/tmp/potato_inspection_system/data/test/1021/100-150 ng/Pic_2025_10_21_154318_52.jpeg,100-150 ng,100-150,100,150,ng,False,NG,NG,NG,NG
302994.5,13342.984298110008,1108.794677734375,578.9214477539062,0.021386447960600352,1347,648,194.575893745987,214.03348312058571,1.9152765578754523,/tmp/potato_inspection_system/data/test/1021/100-150 ng/Pic_2025_10_21_154320_54.jpeg,100-150 ng,100-150,100,150,ng,False,Level 7,Level 7,Level 7,Level 7
286939.0,12110.183221578598,1366.2138671875,586.8715209960938,0.024586574013277414,1288,710,246.3788261049651,271.0167087154616,2.3279607517308607,/tmp/potato_inspection_system/data/test/1021/100-150 ng/Pic_2025_10_21_154321_55.jpeg,100-150 ng,100-150,100,150,ng,False,Level 6,Level 6,Level 6,Level 6
282495.0,10190.71309864521,1233.1341552734375,479.84405517578125,0.03418310267802412,1352,539,148.66515453113607,163.53166998424967,2.5698644006784734,/tmp/potato_inspection_system/data/test/1021/100-150 ng/Pic_2025_10_21_154319_53.jpeg,100-150 ng,100-150,100,150,ng,False,Level 7,Level 7,NG,Level 7
167920.5,3376.7463771104813,589.7579956054688,425.8786926269531,0.18506176402499178,648,461,56.007254541212504,61.60797999533376,1.3848027755689227,/tmp/potato_inspection_system/data/test/1021/100-150 ng/Pic_2025_10_21_154322_56.jpeg,100-150 ng,100-150,100,150,ng,False,NG,NG,NG,NG
123899.0,1888.8670922517776,459.9966125488281,359.6259765625,0.436390074663251,440,376,31.149807294108893,34.264788023519785,1.2790972914296266,/tmp/potato_inspection_system/data/test/1021/100-150 ng/Pic_2025_10_21_154323_57.jpeg,100-150 ng,100-150,100,150,ng,False,NG,NG,NG,NG
93797.0,7238.268237113953,1081.4854736328125,174.7261505126953,0.02249725161922348,1040,195,17.28761692230235,19.016378614532588,6.189602818235462,/tmp/potato_inspection_system/data/test/1021/100-150 ng/Pic_2025_10_21_154324_58.jpeg,100-150 ng,100-150,100,150,ng,False,NG,NG,NG,NG
158489.0,5361.640819311142,806.0015258789062,389.8334045410156,0.06928090553073492,888,488,64.13462914659414,70.54809206125356,2.067553771662747,/tmp/potato_inspection_system/data/test/1021/100-150 ng/Pic_2025_10_21_154326_60.jpeg,100-150 ng,100-150,100,150,ng,False,NG,NG,NG,NG
155123.5,3208.4032303094864,525.8826904296875,430.6682434082031,0.18936929798273605,566,451,51.07086296414398,56.17794926055838,1.2210853678645552,/tmp/potato_inspection_system/data/test/1021/100-150 ng/Pic_2025_10_21_154328_62.jpeg,100-150 ng,100-150,100,150,ng,False,NG,NG,NG,NG
220811.5,8686.230781316757,1448.89111328125,421.28802490234375,0.03677636697626649,1235,495,134.64573457495285,148.11030803244816,3.439193681370622,/tmp/potato_inspection_system/data/test/1021/100-150 ng/Pic_2025_10_21_154327_61.jpeg,100-150 ng,100-150,100,150,ng,False,NG,NG,NG,NG
99344.0,8614.861163496971,1198.076904296875,469.6430358886719,0.016821121236507634,1357,544,138.36272034584113,152.19899238042524,2.5510373043855314,/tmp/potato_inspection_system/data/test/1021/100-150 ng/Pic_2025_10_21_154325_59.jpeg,100-150 ng,100-150,100,150,ng,False,Level 7,Level 7,NG,Level 7
254495.0,3708.2783406972885,1090.6173095703125,368.5615539550781,0.23256506068906646,1125,412,77.56951378785921,85.32646516664514,2.9591184915159157,/tmp/potato_inspection_system/data/test/1021/100-150 ng/Pic_2025_10_21_154330_64.jpeg,100-150 ng,100-150,100,150,ng,False,NG,NG,NG,NG
303719.0,6268.993193268776,903.6990966796875,515.3474731445312,0.09711498081867642,1009,573,125.6674412507235,138.23418537579585,1.753572383241785,/tmp/potato_inspection_system/data/test/1021/100-150 ng/Pic_2025_10_21_154329_63.jpeg,100-150 ng,100-150,100,150,ng,False,NG,NG,NG,NG
269489.0,10735.71815097332,1287.70166015625,539.2452392578125,0.029382497260724012,1335,647,196.05887989330722,215.66476788263796,2.38797038232284,/tmp/potato_inspection_system/data/test/1021/100-150 ng/Pic_2025_10_21_154331_65.jpeg,100-150 ng,100-150,100,150,ng,False,Level 7,Level 7,Level 7,Level 7
398965.5,13693.2441842556,1754.828369140625,606.6237182617188,0.026738220521290136,1376,725,338.12092036315215,371.9330123994674,2.8927790264599094,/tmp/potato_inspection_system/data/test/1021/100-150 ng/Pic_2025_10_21_154334_68.jpeg,100-150 ng,100-150,100,150,ng,False,Level 4,Level 4,Level 4,Level 4
551964.5,19599.463649392128,1653.509033203125,679.7379760742188,0.018056461119991426,1460,1042,400.02603934930835,440.0286432842392,2.4325682710165113,/tmp/potato_inspection_system/data/test/1021/100-150 ng/Pic_2025_10_21_154335_69.jpeg,100-150 ng,100-150,100,150,ng,False,Level 3,Level 3,Level 2,Level 3
252016.5,7926.029770731926,1130.81591796875,333.7526550292969,0.05041124709532127,1304,407,65.95382597598407,72.54920857358249,3.388185534792185,/tmp/potato_inspection_system/data/test/1021/100-150 ng/Pic_2025_10_21_154332_66.jpeg,100-150 ng,100-150,100,150,ng,False,NG,NG,NG,NG
368562.0,11281.531420469284,1716.7374267578125,597.908203125,0.03639018851238564,1376,662,321.34498113874184,353.47947925261604,2.87123912631603,/tmp/potato_inspection_system/data/test/1021/100-150 ng/Pic_2025_10_21_154336_70.jpeg,100-150 ng,100-150,100,150,ng,False,Level 4,Level 4,Level 4,Level 4
515054.5,14869.778236150742,1324.854248046875,791.676025390625,0.029272112575997798,1384,1046,434.77214449954334,478.2493589494977,1.6734803196713854,/tmp/potato_inspection_system/data/test/1021/100-150 ng/Pic_2025_10_21_154333_67.jpeg,100-150 ng,100-150,100,150,ng,False,Level 2,Level 2,Level 2,Level 2
274246.0,8411.683658123016,692.3671875,612.5980224609375,0.048706206162356686,747,709,136.04615782033065,149.65077360236373,1.1302145323920778,/tmp/potato_inspection_system/data/test/1021/100-150 ng/Pic_2025_10_21_154337_71.jpeg,100-150 ng,100-150,100,150,ng,False,NG,NG,NG,NG
334363.5,6412.299760699272,1164.2833251953125,563.5494995117188,0.10218828104226685,1296,544,193.60716995188508,212.96788694707362,2.0659823603855436,/tmp/potato_inspection_system/data/test/1021/100-150 ng/Pic_2025_10_21_154340_74.jpeg,100-150 ng,100-150,100,150,ng,False,Level 7,Level 7,Level 7,Level 7
405574.5,11488.107100129128,1226.732421875,627.1183471679688,0.03861744654378737,1312,821,252.60822053587603,277.8690425894637,1.9561418150415384,/tmp/potato_inspection_system/data/test/1021/100-150 ng/Pic_2025_10_21_154341_75.jpeg,100-150 ng,100-150,100,150,ng,False,Level 6,Level 6,Level 5,Level 6
318204.0,9928.997369766235,1097.3275146484375,565.2459106445312,0.040560631440027424,1215,624,183.5733990379277,201.93073894172048,1.9413276486992912,/tmp/potato_inspection_system/data/test/1021/100-150 ng/Pic_2025_10_21_154338_72.jpeg,100-150 ng,100-150,100,150,ng,False,Level 7,Level 7,Level 7,Level 7
251426.0,10391.43387889862,1177.0762939453125,521.1263427734375,0.029259647726735415,1264,593,167.37449892165094,184.11194881381604,2.2587157802864186,/tmp/potato_inspection_system/data/test/1021/100-150 ng/Pic_2025_10_21_154339_73.jpeg,100-150 ng,100-150,100,150,ng,False,Level 7,Level 7,Level 7,Level 7
268315.5,6257.069312334061,861.757568359375,499.90594482421875,0.0861219181156965,1112,543,112.76136677983222,124.03750345781545,1.7238394087559683,/tmp/potato_inspection_system/data/test/1021/100-150 ng/Pic_2025_10_21_154344_78.jpeg,100-150 ng,100-150,100,150,ng,False,NG,NG,NG,NG
273521.0,13193.708046078682,2209.1630859375,243.09278869628906,0.019745439292473858,2592,314,68.3550415462696,75.19054570089656,9.08773599490664,/tmp/potato_inspection_system/data/test/1021/100-150 ng/Pic_2025_10_21_154346_80.jpeg,100-150 ng,100-150,100,150,ng,False,NG,NG,NG,NG
397179.0,9111.89477467537,1180.9322509765625,598.5574340820312,0.06011443234018874,1416,592,221.53138555208588,243.6845241072945,1.9729639692599956,/tmp/potato_inspection_system/data/test/1021/100-150 ng/Pic_2025_10_21_154342_76.jpeg,100-150 ng,100-150,100,150,ng,False,Level 7,Level 7,Level 6,Level 7
241082.5,5667.897740721703,1051.1719970703125,466.4604187011719,0.09430430919175346,1038,583,119.75730130361778,131.73303143397956,2.253507382249562,/tmp/potato_inspection_system/data/test/1021/100-150 ng/Pic_2025_10_21_154343_77.jpeg,100-150 ng,100-150,100,150,ng,False,NG,NG,NG,NG
217385.5,5582.275376558304,939.7588500976562,460.3559875488281,0.0876633217986798,869,519,104.2803881122043,114.70842692342475,2.0413742310628247,/tmp/potato_inspection_system/data/test/1021/100-150 ng/Pic_2025_10_21_154347_81.jpeg,100-150 ng,100-150,100,150,ng,False,NG,NG,NG,NG
297887.5,9055.901915431023,1186.9434814453125,526.6200561523438,0.04564557934753606,1378,563,172.35482749966187,189.59031024962806,2.25388962607597,/tmp/potato_inspection_system/data/test/1021/100-150 ng/Pic_2025_10_21_154348_82.jpeg,100-150 ng,100-150,100,150,ng,False,Level 7,Level 7,Level 7,Level 7
189240.0,1851.744289636612,571.8148803710938,422.3934020996094,0.6935228509906487,567,431,53.418086462579204,58.75989510883713,1.3537495555772143,/tmp/potato_inspection_system/data/test/1021/100-150 ng/Pic_2025_10_21_154349_83.jpeg,100-150 ng,100-150,100,150,ng,False,NG,NG,NG,NG
126035.5,1672.2569210529327,427.6341247558594,386.3068542480469,0.5663654451830338,411,390,33.414564427319874,36.75602087005186,1.1069804225665547,/tmp/potato_inspection_system/data/test/1021/100-150 ng/Pic_2025_10_21_154351_85.jpeg,100-150 ng,100-150,100,150,ng,False,NG,NG,NG,NG
195325.0,1815.2245165109634,591.8128051757812,424.55023193359375,0.744915480987607,582,435,55.852310676675415,61.43754174434296,1.393975931847683,/tmp/potato_inspection_system/data/test/1021/100-150 ng/Pic_2025_10_21_154350_84.jpeg,100-150 ng,100-150,100,150,ng,False,NG,NG,NG,NG
164612.5,1730.6143461465836,596.1725463867188,353.1842346191406,0.6906723588827214,603,360,38.937961739606024,42.831757913566626,1.6879930867514705,/tmp/potato_inspection_system/data/test/1021/100-150 ng/Pic_2025_10_21_154345_79.jpeg,100-150 ng,100-150,100,150,ng,False,NG,NG,NG,NG
340822.5,12065.288780450821,1376.5894775390625,631.4304809570312,0.029421355626645607,1283,766,287.3784203600258,316.11626239602845,2.180112489109849,/tmp/potato_inspection_system/data/test/1021/150-200 OK/Pic_2025_10_21_154621_149.jpeg,150-200 OK,150-200,150,200,OK,True,Level 5,Level 5,Level 5,Level 5
630781.0,7275.87039065361,1728.7640380859375,538.4876098632812,0.1497333561632238,1456,576,262.47368710662437,288.7210558172868,3.210406342543072,/tmp/potato_inspection_system/data/test/1021/150-200 OK/Pic_2025_10_21_154619_147.jpeg,150-200 OK,150-200,150,200,OK,True,Level 6,Level 6,Level 5,Level 6
753726.0,18030.534717082977,1543.1732177734375,846.3201904296875,0.029134404644287952,1334,1433,578.7389385025743,636.6128323528318,1.8233917082729043,/tmp/potato_inspection_system/data/test/1021/150-200 OK/Pic_2025_10_21_154620_148.jpeg,150-200 OK,150-200,150,200,OK,True,Level 1,Level 1,Level 1,Level 1
423968.0,8783.066348314285,975.7223510742188,767.1788330078125,0.06906382309693203,1024,918,300.6893869113226,330.7583256024549,1.2718316891627308,/tmp/potato_inspection_system/data/test/1021/150-200 OK/Pic_2025_10_21_154622_150.jpeg,150-200 OK,150-200,150,200,OK,True,Level 5,Level 5,Level 4,Level 5
518443.5,12040.415756821632,1153.4183349609375,765.3793334960938,0.044939509824246215,1073,1009,353.78460927313535,389.1630702004489,1.5069891287662056,/tmp/potato_inspection_system/data/test/1021/150-200 OK/Pic_2025_10_21_154623_151.jpeg,150-200 OK,150-200,150,200,OK,True,Level 4,Level 4,Level 3,Level 4
314417.0,6319.914985060692,1347.18896484375,482.1253662109375,0.09892211908509492,1176,550,163.96347066105164,180.35981772715684,2.794271073997657,/tmp/potato_inspection_system/data/test/1021/150-200 OK/Pic_2025_10_21_154625_153.jpeg,150-200 OK,150-200,150,200,OK,True,Level 7,Level 7,Level 7,Level 7
331140.0,8684.179045319557,872.2061157226562,679.0939331054688,0.055177747905894296,950,765,210.6092545739902,231.67018003138924,1.2843674095777786,/tmp/potato_inspection_system/data/test/1021/150-200 OK/Pic_2025_10_21_154624_152.jpeg,150-200 OK,150-200,150,200,OK,True,Level 7,Level 7,Level 6,Level 7
329289.0,5937.523068904877,896.4157104492188,570.39697265625,0.11737523296491448,1006,563,152.70825178389842,167.97907696228827,1.571564635546276,/tmp/potato_inspection_system/data/test/1021/150-200 OK/Pic_2025_10_21_154627_155.jpeg,150-200 OK,150-200,150,200,OK,True,Level 7,Level 7,Level 7,Level 7
370619.0,13661.33458352089,1223.3602294921875,669.4977416992188,0.02495463879983244,1343,844,287.11191307407216,315.8231043814794,1.8272805915479835,/tmp/potato_inspection_system/data/test/1021/150-200 OK/Pic_2025_10_21_154629_157.jpeg,150-200 OK,150-200,150,200,OK,True,Level 5,Level 5,Level 5,Level 5
302097.5,3911.859074831009,801.1498413085938,561.42333984375,0.24807933755658182,830,530,132.21882707711532,145.44070978482688,1.426997747424541,/tmp/potato_inspection_system/data/test/1021/150-200 OK/Pic_2025_10_21_154628_156.jpeg,150-200 OK,150-200,150,200,OK,True,NG,NG,NG,NG
418069.5,14083.229905366898,1619.1375732421875,652.9100952148438,0.02648828318868772,1768,787,361.4008258541917,397.54090843961086,2.479878294283995,/tmp/potato_inspection_system/data/test/1021/150-200 OK/Pic_2025_10_21_154626_154.jpeg,150-200 OK,150-200,150,200,OK,True,Level 4,Level 4,Level 3,Level 4
269288.5,3906.9717725515366,745.436767578125,507.16943359375,0.22169052109402243,760,511,100.39580696380247,110.43538766018273,1.4697982926455906,/tmp/potato_inspection_system/data/test/1021/150-200 OK/Pic_2025_10_21_154630_158.jpeg,150-200 OK,150-200,150,200,OK,True,NG,NG,NG,NG
143624.5,2972.531085729599,1562.171630859375,927.334716796875,0.20426106115231346,698,296,703.3968299705276,773.7365129675804,1.684582279260829,/tmp/potato_inspection_system/data/test/1021/150-200 OK/Pic_2025_10_21_154631_159.jpeg,150-200 OK,150-200,150,200,OK,True,Level 1,Level 1,Level 1,Level 1
232794.5,4952.226605892181,635.9332275390625,527.5433349609375,0.11928382620983281,763,559,92.66728108931547,101.93400919824703,1.205461590347172,/tmp/potato_inspection_system/data/test/1021/150-200 OK/Pic_2025_10_21_154636_164.jpeg,150-200 OK,150-200,150,200,OK,True,NG,NG,NG,NG
195450.5,1897.5260335206985,614.2998046875,412.6158752441406,0.6821363040642119,597,425,54.76093643045539,60.23703007350093,1.4887934312368012,/tmp/potato_inspection_system/data/test/1021/150-200 OK/Pic_2025_10_21_154637_165.jpeg,150-200 OK,150-200,150,200,OK,True,NG,NG,NG,NG
111447.5,2725.536139011383,546.2177734375,296.5326232910156,0.18852819304281523,571,291,25.14834497021959,27.66317946724155,1.8420157869154403,/tmp/potato_inspection_system/data/test/1021/200-250 OK/Pic_2025_10_21_154943_219.jpeg,200-250 OK,200-250,200,250,OK,True,NG,NG,NG,NG
421928.5,9449.250114440918,1554.33251953125,510.6557312011719,0.05938189278306481,1595,610,212.2261895702348,233.44880852725828,3.0437972680246363,/tmp/potato_inspection_system/data/test/1021/200-250 OK/Pic_2025_10_21_154944_220.jpeg,200-250 OK,200-250,200,250,OK,True,Level 7,Level 7,Level 6,Level 7
699093.0,9122.380057573318,1777.1612548828125,595.4302978515625,0.10556707628283778,1434,647,329.90379971302286,362.8941796843252,2.9846671580119173,/tmp/potato_inspection_system/data/test/1021/200-250 OK/Pic_2025_10_21_154947_223.jpeg,200-250 OK,200-250,200,250,OK,True,Level 4,Level 4,Level 4,Level 4
711479.5,11859.8716006279,1169.7918701171875,997.6978149414062,0.06356415540472946,1236,1178,609.6846531691009,670.6531184860111,1.172491161751104,/tmp/potato_inspection_system/data/test/1021/200-250 OK/Pic_2025_10_21_154946_222.jpeg,200-250 OK,200-250,200,250,OK,True,Level 1,Level 1,Level 1,Level 1
799540.0,16327.858531951904,1347.2835693359375,1066.8077392578125,0.03768700298468212,1316,1255,802.8417539329608,883.125929326257,1.262911319216014,/tmp/potato_inspection_system/data/test/1021/200-250 OK/Pic_2025_10_21_154945_221.jpeg,200-250 OK,200-250,200,250,OK,True,Level 1,Level 1,Level 1,Level 1
730859.0,12220.981331586838,1301.845947265625,1003.9788818359375,0.06149379588988808,1200,1161,687.0801048407999,755.78811532488,1.296686584567386,/tmp/potato_inspection_system/data/test/1021/200-250 OK/Pic_2025_10_21_154948_224.jpeg,200-250 OK,200-250,200,250,OK,True,Level 1,Level 1,Level 1,Level 1
769936.5,14266.27779686451,1197.5919189453125,1039.205810546875,0.04753827510485124,1224,1184,677.1901178179974,744.9091295997972,1.1524107224872886,/tmp/potato_inspection_system/data/test/1021/200-250 OK/Pic_2025_10_21_154951_227.jpeg,200-250 OK,200-250,200,250,OK,True,Level 1,Level 1,Level 1,Level 1
311897.5,5340.510876536369,897.4765014648438,543.8936767578125,0.13742196364133938,865,544,139.01117946460286,152.91229741106315,1.6500954870715958,/tmp/potato_inspection_system/data/test/1021/200-250 OK/Pic_2025_10_21_154952_228.jpeg,200-250 OK,200-250,200,250,OK,True,Level 7,Level 7,NG,Level 7
682239.5,9910.602488160133,1688.60546875,614.4946899414062,0.08728640568930807,1428,670,333.8589955813815,367.2448951395197,2.747957787741035,/tmp/potato_inspection_system/data/test/1021/200-250 OK/Pic_2025_10_21_154950_226.jpeg,200-250 OK,200-250,200,250,OK,True,Level 4,Level 4,Level 4,Level 4
104135.0,6841.640820026398,1078.0987548828125,551.8033447265625,0.027956708916537495,1024,509,171.88018956193437,189.06820851812782,1.9537735049740363,/tmp/potato_inspection_system/data/test/1021/200-250 OK/Pic_2025_10_21_154954_230.jpeg,200-250 OK,200-250,200,250,OK,True,Level 7,Level 7,Level 7,Level 7
311952.0,4871.179923057556,786.9822998046875,577.9485473632812,0.16520732384422332,840,596,137.6391366955461,151.40305036510074,1.3616822871085337,/tmp/potato_inspection_system/data/test/1021/200-250 OK/Pic_2025_10_21_154953_229.jpeg,200-250 OK,200-250,200,250,OK,True,Level 7,Level 7,NG,Level 7
384736.5,6840.098751306534,986.38427734375,641.9984741210938,0.10333525378369422,1033,706,212.8691642868957,234.1560807155853,1.5364277597296878,/tmp/potato_inspection_system/data/test/1021/200-250 ng/Pic_2025_10_21_155113_244.jpeg,200-250 ng,200-250,200,250,ng,False,Level 7,Level 7,Level 6,Level 7
443769.5,9887.38214313984,1355.730712890625,605.8981323242188,0.05704330430146956,1312,633,260.59812378059394,286.65793615865334,2.2375555238799905,/tmp/potato_inspection_system/data/test/1021/200-250 ng/Pic_2025_10_21_155114_245.jpeg,200-250 ng,200-250,200,250,ng,False,Level 6,Level 6,Level 5,Level 6
467771.0,9628.546577095985,1265.3291015625,591.2135009765625,0.06340473423943825,1365,604,231.57453732639624,254.7319910590359,2.140223623906487,/tmp/potato_inspection_system/data/test/1021/200-250 ng/Pic_2025_10_21_155115_246.jpeg,200-250 ng,200-250,200,250,ng,False,Level 6,Level 6,Level 6,Level 6
394181.5,13959.979246139526,1236.4940185546875,651.8674926757812,0.025417717971083137,1216,773,275.111845685749,302.62303025432396,1.8968487191762473,/tmp/potato_inspection_system/data/test/1021/200-250 ng/Pic_2025_10_21_155111_242.jpeg,200-250 ng,200-250,200,250,ng,False,Level 5,Level 5,Level 5,Level 5
424361.5,11409.406530618668,1452.658447265625,537.3101196289062,0.040965638683606885,1315,606,219.58980668119548,241.54878734931506,2.703575447767306,/tmp/potato_inspection_system/data/test/1021/200-250 ng/Pic_2025_10_21_155116_247.jpeg,200-250 ng,200-250,200,250,ng,False,Level 7,Level 7,Level 6,Level 7
414902.0,10566.761867642403,1217.6015625,598.388916015625,0.046695126016539384,1211,715,228.28159589563452,251.109755485198,2.034799659404464,/tmp/potato_inspection_system/data/test/1021/200-250 ng/Pic_2025_10_21_155117_248.jpeg,200-250 ng,200-250,200,250,ng,False,Level 6,Level 6,Level 6,Level 6
329943.5,10427.818655848503,1278.1649169921875,656.40576171875,0.038129622102182625,1282,938,288.35685765112294,317.19254341623525,1.9472176990729135,/tmp/potato_inspection_system/data/test/1021/200-250 ng/Pic_2025_10_21_155112_243.jpeg,200-250 ng,200-250,200,250,ng,False,Level 5,Level 5,Level 5,Level 5
526597.0,15056.339636445045,1677.5247802734375,728.302978515625,0.029191031319124795,1380,1050,465.89895755541323,512.4888533109546,2.3033336808431684,/tmp/potato_inspection_system/data/test/1021/200-250 ng/Pic_2025_10_21_155118_249.jpeg,200-250 ng,200-250,200,250,ng,False,Level 1,Level 1,Level 1,Level 1
377150.0,6569.537349104881,1570.3338623046875,482.0014953613281,0.10981316378547101,1455,565,191.0237600451981,210.1261360497179,3.2579439636955914,/tmp/potato_inspection_system/data/test/1021/200-250 ng/Pic_2025_10_21_155119_250.jpeg,200-250 ng,200-250,200,250,ng,False,Level 7,Level 7,Level 7,Level 7
414397.0,9737.375004291534,1478.4036865234375,577.5636596679688,0.05492153604803486,1340,682,258.22089277364523,284.0429820510098,2.5597242170211087,/tmp/potato_inspection_system/data/test/1021/200-250 ng/Pic_2025_10_21_155120_251.jpeg,200-250 ng,200-250,200,250,ng,False,Level 6,Level 6,Level 5,Level 6
256369.5,3130.29558634758,680.72998046875,538.7705688476562,0.32878009957057774,615,552,103.4620853815521,113.80829391970732,1.2634876881354564,/tmp/potato_inspection_system/data/test/1021/200-250 ng/Pic_2025_10_21_155122_253.jpeg,200-250 ng,200-250,200,250,ng,False,NG,NG,NG,NG
463067.0,13446.457389235497,1442.6761474609375,669.2227783203125,0.03218384564343772,1272,768,338.3053789315585,372.1359168247144,2.155748719554827,/tmp/potato_inspection_system/data/test/1021/200-250 ng/Pic_2025_10_21_155121_252.jpeg,200-250 ng,200-250,200,250,ng,False,Level 4,Level 4,Level 4,Level 4
188103.5,3240.9230024814606,627.6265258789062,463.3675842285156,0.22504497185428957,642,487,70.55880384493807,77.61468422943189,1.354489496549211,/tmp/potato_inspection_system/data/test/1021/200-250 ng/Pic_2025_10_21_155123_254.jpeg,200-250 ng,200-250,200,250,ng,False,NG,NG,NG,NG
344412.0,5230.258129954338,822.463134765625,604.8843994140625,0.15821290043974426,880,654,157.56502783331945,173.32153061665142,1.3597030036852098,/tmp/potato_inspection_system/data/test/1021/200-250 ng/Pic_2025_10_21_155124_255.jpeg,200-250 ng,200-250,200,250,ng,False,Level 7,Level 7,Level 7,Level 7
127467.0,1970.3229355812073,451.5010681152344,371.7853088378906,0.4126034006169658,477,404,32.67697557348423,35.944673130832655,1.2144134192029148,/tmp/potato_inspection_system/data/test/1021/200-250 ng/Pic_2025_10_21_155125_256.jpeg,200-250 ng,200-250,200,250,ng,False,NG,NG,NG,NG
638947.0,18832.23023736477,1243.3729248046875,1061.40673828125,0.022639727186741843,1263,1212,733.4385097951463,806.782360774661,1.171438695422358,/tmp/potato_inspection_system/data/test/1021/100-150 OK/Pic_2025_10_21_153839_10.jpeg,100-150 OK,100-150,100,150,OK,True,Level 1,Level 1,Level 1,Level 1
404405.5,7588.064259290695,1416.03173828125,523.7083740234375,0.08826020206454034,1450,572,203.35302930570532,223.68833223627587,2.703855444209258,/tmp/potato_inspection_system/data/test/1021/100-150 OK/Pic_2025_10_21_153840_11.jpeg,100-150 OK,100-150,100,150,OK,True,Level 7,Level 7,Level 6,Level 7
359607.0,8327.326233386993,1149.74951171875,553.2720336914062,0.06516686712992405,1261,602,184.28046225683462,202.7085084825181,2.0780907794085897,/tmp/potato_inspection_system/data/test/1021/100-150 OK/Pic_2025_10_21_153841_12.jpeg,100-150 OK,100-150,100,150,OK,True,Level 7,Level 7,Level 7,Level 7
316029.0,11212.487702727318,1103.2587890625,584.3360595703125,0.03158877914616452,1082,674,197.2429064563583,216.96719710199415,1.8880552911175357,/tmp/potato_inspection_system/data/test/1021/100-150 OK/Pic_2025_10_21_153843_14.jpeg,100-150 OK,100-150,100,150,OK,True,Level 7,Level 7,Level 7,Level 7
378340.5,13137.832936048508,1290.9873046875,675.6468505859375,0.02754515544345913,1291,849,308.5745520874985,339.43200729624834,1.9107427253866782,/tmp/potato_inspection_system/data/test/1021/100-150 OK/Pic_2025_10_21_153842_13.jpeg,100-150 OK,100-150,100,150,OK,True,Level 5,Level 5,Level 4,Level 5
270590.0,4386.954526901245,954.6417236328125,444.01739501953125,0.1766832345032364,995,456,98.54600052039487,108.40060057243437,2.1500097391247928,/tmp/potato_inspection_system/data/test/1021/100-150 OK/Pic_2025_10_21_153845_16.jpeg,100-150 OK,100-150,100,150,OK,True,NG,NG,NG,NG
160458.5,1961.2173783779144,466.0914611816406,438.85931396484375,0.5242291015285518,440,491,47.00244054849932,51.70268460334926,1.0620521118049653,/tmp/potato_inspection_system/data/test/1021/100-150 OK/Pic_2025_10_21_153844_15.jpeg,100-150 OK,100-150,100,150,OK,True,NG,NG,NG,NG
217777.0,3797.876320838928,690.1787109375,438.5041809082031,0.18973184919356087,686,442,69.48765540636917,76.4364209470061,1.5739387239319906,/tmp/potato_inspection_system/data/test/1021/100-150 OK/Pic_2025_10_21_153846_17.jpeg,100-150 OK,100-150,100,150,OK,True,NG,NG,NG,NG
204403.5,1966.673220872879,650.869873046875,413.2455139160156,0.6641004636234912,631,409,58.19813765333165,64.01795141866482,1.5750198154096648,/tmp/potato_inspection_system/data/test/1021/100-150 OK/Pic_2025_10_21_153847_18.jpeg,100-150 OK,100-150,100,150,OK,True,NG,NG,NG,NG
194650.0,4747.640817523003,1589.187255859375,455.46514892578125,0.10851969439671934,1130,456,172.61717263261127,189.87888989587242,3.4891522646847686,/tmp/potato_inspection_system/data/test/1021/100-150 OK/Pic_2025_10_21_153849_20.jpeg,100-150 OK,100-150,100,150,OK,True,Level 7,Level 7,Level 7,Level 7
309385.5,7866.750552892685,1072.5194091796875,516.715576171875,0.06282305635403525,1065,527,149.93633446229921,164.92996790852914,2.075647529585862,/tmp/potato_inspection_system/data/test/1021/100-150 OK/Pic_2025_10_21_153850_21.jpeg,100-150 OK,100-150,100,150,OK,True,Level 7,Level 7,NG,Level 7
181742.5,2133.07524228096,614.700927734375,404.90386962890625,0.5019425488702445,586,425,52.76747894084361,58.044226834927976,1.5181404126805393,/tmp/potato_inspection_system/data/test/1021/100-150 OK/Pic_2025_10_21_153851_22.jpeg,100-150 OK,100-150,100,150,OK,True,NG,NG,NG,NG
176147.5,1889.7615337371826,622.1357421875,500.0234680175781,0.6198296376120385,613,386,81.4450230910283,89.58952540013114,1.2442130859458562,/tmp/potato_inspection_system/data/test/1021/250-300 OK/Pic_2025_10_21_155238_308.jpeg,250-300 OK,250-300,250,300,OK,True,NG,NG,NG,NG
752511.5,11526.710131764412,1257.31591796875,958.4384155273438,0.07117250663282461,1398,1146,604.743851053183,665.2182361585013,1.3118379831185716,/tmp/potato_inspection_system/data/test/1021/250-300 OK/Pic_2025_10_21_155239_309.jpeg,250-300 OK,250-300,250,300,OK,True,Level 1,Level 1,Level 1,Level 1
821278.5,15048.218921899796,1374.96240234375,1159.9593505859375,0.04557536088860997,1336,1304,968.668072152577,1065.5348793678347,1.1853539536960556,/tmp/potato_inspection_system/data/test/1021/250-300 OK/Pic_2025_10_21_155240_310.jpeg,250-300 OK,250-300,250,300,OK,True,Level 1,Level 1,Level 1,Level 1
356641.5,3820.437721133232,799.13037109375,610.1759643554688,0.307054518663488,727,651,155.78529145340752,171.36382059874828,1.3096719926322804,/tmp/potato_inspection_system/data/test/1021/250-300 OK/Pic_2025_10_21_155241_311.jpeg,250-300 OK,250-300,250,300,OK,True,Level 7,Level 7,Level 7,Level 7
488336.5,9840.58820772171,1298.624755859375,852.5017700195312,0.06337047071837956,1506,942,494.1660196517949,543.5826216169744,1.523310333806841,/tmp/potato_inspection_system/data/test/1021/250-300 OK/Pic_2025_10_21_155242_312.jpeg,250-300 OK,250-300,250,300,OK,True,Level 1,Level 1,Level 1,Level 1
1562192.0,18681.602817177773,1646.2086181640625,1268.9273681640625,0.05624915524329406,1976,1485,1387.896312605488,1526.685943866037,1.2973229669920874,/tmp/potato_inspection_system/data/test/1021/250-300 OK/Pic_2025_10_21_155243_313.jpeg,250-300 OK,250-300,250,300,OK,True,Level 1,Level 1,Level 1,Level 1
966815.0,11593.643236517906,1600.4219970703125,1017.127685546875,0.09038854173712851,1516,1178,866.9301071734625,953.6231178908088,1.5734720623692589,/tmp/potato_inspection_system/data/test/1021/250-300 OK/Pic_2025_10_21_155244_314.jpeg,250-300 OK,250-300,250,300,OK,True,Level 1,Level 1,Level 1,Level 1
1262043.0,15868.289107561111,1623.6806640625,1126.138916015625,0.06298306736932892,1490,1231,1078.159898450252,1185.9758882952774,1.4418120544197335,/tmp/potato_inspection_system/data/test/1021/250-300 OK/Pic_2025_10_21_155245_315.jpeg,250-300 OK,250-300,250,300,OK,True,Level 1,Level 1,Level 1,Level 1
85750.0,6967.807340979576,1100.930419921875,181.1479949951172,0.02219482498467481,1216,211,18.915836747892637,20.807420422681904,6.077519212683256,/tmp/potato_inspection_system/data/test/1021/250-300 OK/Pic_2025_10_21_155246_316.jpeg,250-300 OK,250-300,250,300,OK,True,NG,NG,NG,NG
453785.0,9189.43387913704,1398.075439453125,593.2205810546875,0.0675277820610253,1303,711,257.60936584583845,283.3703024304223,2.3567547790865335,/tmp/potato_inspection_system/data/test/1021/300-350 OK/Pic_2025_10_21_155508_458.jpeg,300-350 OK,300-350,300,350,OK,True,Level 6,Level 6,Level 5,Level 6
678452.5,12024.523401141167,1348.636474609375,900.6002197265625,0.05896490014115704,1365,1118,572.7401391776866,630.0141530954553,1.4974862820029557,/tmp/potato_inspection_system/data/test/1021/300-350 OK/Pic_2025_10_21_155509_459.jpeg,300-350 OK,300-350,300,350,OK,True,Level 1,Level 1,Level 1,Level 1
533044.0,13730.30514717102,1692.3599853515625,661.000732421875,0.03553141840462753,1425,743,387.1642529826752,425.88067828094273,2.5602997127564997,/tmp/potato_inspection_system/data/test/1021/300-350 OK/Pic_2025_10_21_155511_461.jpeg,300-350 OK,300-350,300,350,OK,True,Level 3,Level 3,Level 3,Level 3
942734.5,14369.307233810425,1489.0421142578125,1088.46533203125,0.05737564798944759,1397,1274,923.7082141789023,1016.0790355967926,1.36801978936621,/tmp/potato_inspection_system/data/test/1021/300-350 OK/Pic_2025_10_21_155512_462.jpeg,300-350 OK,300-350,300,350,OK,True,Level 1,Level 1,Level 1,Level 1
1410249.5,23357.922790169716,2024.6400146484375,1206.1865234375,0.03248159756950518,1429,2092,1542.3231663593403,1696.5554829952746,1.678546373473345,/tmp/potato_inspection_system/data/test/1021/300-350 OK/Pic_2025_10_21_155513_463.jpeg,300-350 OK,300-350,300,350,OK,True,Level 1,Level 1,Level 1,Level 1
414313.0,4764.968807339668,874.0553588867188,678.4893798828125,0.22930752165925497,960,734,210.6801750731424,231.74819258045667,1.2882373472635402,/tmp/potato_inspection_system/data/test/1021/300-350 OK/Pic_2025_10_21_155514_464.jpeg,300-350 OK,300-350,300,350,OK,True,Level 7,Level 7,Level 6,Level 7
1020607.5,17924.972437739372,1386.744384765625,1268.3072509765625,0.039916423929596295,1415,1322,1168.003082673656,1284.8033909410217,1.0933820520996542,/tmp/potato_inspection_system/data/test/1021/300-350 OK/Pic_2025_10_21_155510_460.jpeg,300-350 OK,300-350,300,350,OK,True,Level 1,Level 1,Level 1,Level 1
257771.0,6176.528121829033,1037.87255859375,371.4114074707031,0.0849092635610683,1135,421,74.96406500026906,82.46047150029597,2.7944014042584766,/tmp/potato_inspection_system/data/test/1021/350-400 OK/Pic_2025_10_21_155743_613.jpeg,350-400 OK,350-400,350,400,OK,True,NG,NG,NG,NG
476841.5,7280.196288466454,1258.858154296875,593.1751098632812,0.11305707146545742,1389,775,231.92163201301514,255.11379521431667,2.122236980892581,/tmp/potato_inspection_system/data/test/1021/350-400 OK/Pic_2025_10_21_155744_614.jpeg,350-400 OK,350-400,350,400,OK,True,Level 6,Level 6,Level 6,Level 6
455433.0,3771.6307134628296,971.3829345703125,628.5978393554688,0.402324085187436,920,809,200.97167842903792,221.06884627194174,1.545317011535257,/tmp/potato_inspection_system/data/test/1021/350-400 OK/Pic_2025_10_21_155745_615.jpeg,350-400 OK,350-400,350,400,OK,True,Level 7,Level 7,Level 6,Level 7
406515.5,5325.706834197044,938.968994140625,671.9955444335938,0.18010777512516257,962,738,222.015175495467,244.2166930450137,1.3972845533255072,/tmp/potato_inspection_system/data/test/1021/350-400 OK/Pic_2025_10_21_155746_616.jpeg,350-400 OK,350-400,350,400,OK,True,Level 7,Level 7,Level 6,Level 7
533670.0,9104.830846428871,1239.517578125,703.1914672851562,0.08089820594020888,1339,800,320.92126607102847,353.01339267813137,1.7627028139440637,/tmp/potato_inspection_system/data/test/1021/350-400 OK/Pic_2025_10_21_155747_617.jpeg,350-400 OK,350-400,350,400,OK,True,Level 4,Level 4,Level 4,Level 4
978953.0,20499.259674429893,1489.4017333984375,1116.5372314453125,0.029274895388678335,1712,1480,972.2028638460195,1069.4231502306216,1.3339472177479177,/tmp/potato_inspection_system/data/test/1021/350-400 OK/Pic_2025_10_21_155750_620.jpeg,350-400 OK,350-400,350,400,OK,True,Level 1,Level 1,Level 1,Level 1
670716.5,10843.690799474716,1291.2060546875,866.4003295898438,0.07167943995438293,1298,996,507.494562998642,558.2440192985063,1.4903111305356502,/tmp/potato_inspection_system/data/test/1021/350-400 OK/Pic_2025_10_21_155749_619.jpeg,350-400 OK,350-400,350,400,OK,True,Level 1,Level 1,Level 1,Level 1
696233.0,6744.69881606102,1836.9964599609375,677.1930541992188,0.19232659641245126,1258,1122,441.09479364080994,485.204273004891,2.7126628788790326,/tmp/potato_inspection_system/data/test/1021/350-400 OK/Pic_2025_10_21_155751_621.jpeg,350-400 OK,350-400,350,400,OK,True,Level 2,Level 2,Level 2,Level 2
507307.5,9583.382143616676,1134.4041748046875,667.5877075195312,0.0694134346732205,1115,694,264.71777327828966,291.18955060611864,1.6992586322771661,/tmp/potato_inspection_system/data/test/1021/350-400 OK/Pic_2025_10_21_155748_618.jpeg,350-400 OK,350-400,350,400,OK,True,Level 6,Level 6,Level 5,Level 6
489739.5,10747.857320070267,1239.804443359375,668.927978515625,0.05327595122200102,1206,699,290.4761856001736,319.523804160191,1.8534199243849019,/tmp/potato_inspection_system/data/test/1021/250-300 NG/Pic_2025_10_21_155352_382.jpeg,250-300 NG,250-300,250,300,NG,False,Level 5,Level 5,Level 5,Level 5
439749.0,8965.291743397713,1207.6796875,663.0708618164062,0.06875208466833334,1120,782,278.01630768876515,305.8179384576417,1.821343323987576,/tmp/potato_inspection_system/data/test/1021/250-300 NG/Pic_2025_10_21_155353_383.jpeg,250-300 NG,250-300,250,300,NG,False,Level 5,Level 5,Level 5,Level 5
407007.5,7943.87753033638,1025.942626953125,614.9628295898438,0.08104891325479784,1061,740,203.15121764794364,223.46633941273802,1.6683002249703267,/tmp/potato_inspection_system/data/test/1021/250-300 NG/Pic_2025_10_21_155354_384.jpeg,250-300 NG,250-300,250,300,NG,False,Level 7,Level 7,Level 6,Level 7
476310.0,8636.522191643715,1204.87158203125,565.3824462890625,0.0802457013139959,1284,585,201.66197899894073,221.8281768988348,2.1310735590387195,/tmp/potato_inspection_system/data/test/1021/250-300 NG/Pic_2025_10_21_155355_385.jpeg,250-300 NG,250-300,250,300,NG,False,Level 7,Level 7,Level 6,Level 7
553534.5,11401.985175609589,1550.4368896484375,595.5733642578125,0.0535049070841973,1800,618,287.95408808316546,316.749496891482,2.6032676790046683,/tmp/potato_inspection_system/data/test/1021/250-300 NG/Pic_2025_10_21_155356_386.jpeg,250-300 NG,250-300,250,300,NG,False,Level 5,Level 5,Level 5,Level 5
442572.0,8432.581068754196,955.8245849609375,699.9362182617188,0.07821188409577749,867,762,245.18491833979346,269.7034101737728,1.3655881207786529,/tmp/potato_inspection_system/data/test/1021/250-300 NG/Pic_2025_10_21_155357_387.jpeg,250-300 NG,250-300,250,300,NG,False,Level 6,Level 6,Level 6,Level 6
431945.0,7239.301848292351,1087.7581787109375,587.1281127929688,0.10357261577461994,1243,617,196.33454988671912,215.96800487539105,1.8526760259127624,/tmp/potato_inspection_system/data/test/1021/250-300 NG/Pic_2025_10_21_155358_388.jpeg,250-300 NG,250-300,250,300,NG,False,Level 7,Level 7,Level 7,Level 7
432500.5,5170.726165890694,1107.0994873046875,585.5615234375,0.20327941411650857,1197,587,198.76061688098065,218.63667856907873,1.8906629670705368,/tmp/potato_inspection_system/data/test/1021/250-300 NG/Pic_2025_10_21_155359_389.jpeg,250-300 NG,250-300,250,300,NG,False,Level 7,Level 7,Level 7,Level 7
123764.5,2328.0559091567993,615.5794677734375,297.43731689453125,0.2869585333408262,648,296,28.515018500680636,31.3665203507487,2.069610747570443,/tmp/potato_inspection_system/data/test/1021/250-300 NG/Pic_2025_10_21_155400_390.jpeg,250-300 NG,250-300,250,300,NG,False,NG,NG,NG,NG
485357.0,10176.227817058563,1486.3704833984375,608.7992553710938,0.058897589324637366,1360,687,288.45224268246557,317.29746695071213,2.441478813065269,/tmp/potato_inspection_system/data/test/1021/300-350 NG/Pic_2025_10_21_155605_515.jpeg,300-350 NG,300-350,300,350,NG,False,Level 5,Level 5,Level 5,Level 5
952189.5,12443.670590400696,1390.2786865234375,972.0698852539062,0.07727450651607047,1228,1254,687.8527295667444,756.6380025234189,1.4302250358885404,/tmp/potato_inspection_system/data/test/1021/300-350 NG/Pic_2025_10_21_155606_516.jpeg,300-350 NG,300-350,300,350,NG,False,Level 1,Level 1,Level 1,Level 1
453101.5,8197.544489145279,1335.6849365234375,659.5883178710938,0.08473011567261425,1181,714,304.262592047816,334.6888512525976,2.025028188544231,/tmp/potato_inspection_system/data/test/1021/300-350 NG/Pic_2025_10_21_155607_517.jpeg,300-350 NG,300-350,300,350,NG,False,Level 5,Level 5,Level 4,Level 5
446649.0,5497.498684644699,1158.4083251953125,674.3421020507812,0.18571456344386317,1229,511,275.81688102385334,303.3985691262387,1.7178347928631612,/tmp/potato_inspection_system/data/test/1021/350-400 NG/Pic_2025_10_21_155821_651.jpeg,350-400 NG,350-400,350,400,NG,False,Level 5,Level 5,Level 5,Level 5
523925.0,8645.825794935226,1237.140625,618.6724243164062,0.08807771206700316,1365,655,247.93578203978365,272.729360243762,1.9996699002173273,/tmp/potato_inspection_system/data/test/1021/350-400 NG/Pic_2025_10_21_155822_652.jpeg,350-400 NG,350-400,350,400,NG,False,Level 6,Level 6,Level 6,Level 6
416910.0,8774.840952396393,1196.6767578125,534.8651123046875,0.06804146712144238,1264,616,179.2520043516068,197.17720478676748,2.2373430801200014,/tmp/potato_inspection_system/data/test/1021/350-400 NG/Pic_2025_10_21_155823_653.jpeg,350-400 NG,350-400,350,400,NG,False,Level 7,Level 7,Level 7,Level 7
585844.0,12287.080628156662,1449.5955810546875,943.2550048828125,0.04876345111211521,1629,1195,675.3108309723619,742.8419140695981,1.5368013671284801,/tmp/potato_inspection_system/data/test/1021/400-450 OK/Pic_2025_10_21_155918_708.jpeg,400-450 OK,400-450,400,450,OK,True,Level 1,Level 1,Level 1,Level 1
542547.0,11808.144556641579,1260.7357177734375,810.5838623046875,0.04889719067803478,1382,833,433.72912465961366,477.10203712557507,1.5553427305952756,/tmp/potato_inspection_system/data/test/1021/400-450 OK/Pic_2025_10_21_155919_709.jpeg,400-450 OK,400-450,400,450,OK,True,Level 2,Level 2,Level 2,Level 2
608727.0,7045.5962237119675,1276.3359375,756.8052978515625,0.15409797374068807,945,1237,382.7647604135069,421.04123645485765,1.686478597762587,/tmp/potato_inspection_system/data/test/1021/400-450 OK/Pic_2025_10_21_155920_710.jpeg,400-450 OK,400-450,400,450,OK,True,Level 3,Level 3,Level 3,Level 3
